IDX_STUDENT,0,1,2,3,4,5,6,7,8,9,10,11,12,13,14,15,16,17,18,19
STUDENT_1093,-0.14246002,0.29469246,-0.20553626,-0.55242753,0.15639976,-0.009050516,1.41134,0.081326455,-0.64584374,0.27989766,0.05534356,-0.28685403,-0.22942199,-0.17152247,-0.4149502,0.20971373,-0.11758846,0.07588382,-0.101080045,-0.042016525
STUDENT_628,-0.25081092,0.1411089,0.56115067,-0.50014824,0.4538559,-0.23088664,0.31911108,-1.0474061,-0.94399315,-0.021469772,1.808928,1.0565667,-0.56639534,-0.35192603,-1.5495621,0.82266706,0.13297486,0.21791524,-0.9900166,-0.5763077
STUDENT_1267,0.49094078,-0.51516604,0.01685486,1.2394099,0.020190652,0.18240479,0.96870446,-0.7611508,-1.1576889,-0.044098556,0.4028515,-0.5693416,-0.40115702,-0.5543014,-1.4548159,1.5531709,0.4552678,-0.5735264,-0.0384256,-0.78212494
STUDENT_288,-0.89915925,-5.328165,0.2603032,0.30235043,-1.0078043,-4.1560307,-2.116139,1.535576,-1.1932569,2.089784,1.035518,-2.3065257,1.1955935,-0.8105652,-1.0881801,0.45911467,-1.2184811,0.52553284,-1.1724746,1.4191862
STUDENT_437,0.24257971,-0.2736171,0.89878887,-0.51654994,0.71476763,-0.66141003,0.07391093,0.0990503,-0.5291555,0.5502283,0.31780523,-0.62250537,0.017547177,-0.008550328,-1.3414676,1.1345218,-0.0081771,1.3078882,0.4044849,-0.67580956
STUDENT_806,-0.19607984,0.18946104,1.0846568,-0.41209105,0.005700577,-0.22040698,0.40952992,-0.6090938,0.24461378,0.111691445,0.03153362,0.351335,-0.29320878,-0.88021463,0.045629457,0.77320635,-0.10347797,-0.09699594,0.9022245,-0.4762908
STUDENT_553,1.3407146,-1.3254752,-1.6468061,0.39086953,-0.23749718,-1.6330143,-0.80568403,0.47843593,-0.57320327,1.5750608,-1.1407968,-3.3924582,1.2682799,-0.4103477,0.02630111,1.3093808,0.48167124,-2.3191805,1.4686177,0.49811438
STUDENT_1063,0.11378722,-0.43177357,-0.20494628,-1.1745687,1.0979842,0.44632068,0.3184128,-0.27928898,-0.38545656,0.68472224,0.09773349,-0.28908867,0.59839535,0.66709733,0.09913583,-0.23011473,-0.61364764,0.15581454,-0.45408493,-0.7516749
STUDENT_1740,-0.6953458,-0.78560114,0.8421226,-1.1162076,0.29222336,-0.15735522,0.39412212,0.35959855,0.33568415,0.7782809,-0.5702225,-0.54848707,0.5965871,0.05125304,0.24120438,0.20103827,-0.80952233,0.45520514,0.12699917,-0.267218
STUDENT_1638,0.2504142,-0.6306153,0.48336178,0.45923993,0.30385962,0.17960656,-0.23656681,-1.011981,0.9531544,-0.09047173,-0.62321705,0.3845216,0.74594074,1.2810838,-0.8746278,1.0001552,0.08652297,-0.160262,-0.84762007,-0.36002973
STUDENT_1252,-0.3472784,-0.021836149,0.27637488,-0.18688798,-0.10539439,-0.14317735,0.8185179,-0.28738284,-0.6176684,0.5011876,-0.088857286,-0.15346277,-0.0005223132,-0.25713122,-0.9878199,0.119288824,0.4023885,-0.01984217,-0.58271533,0.060526047
STUDENT_1389,-0.10343464,-0.5223539,1.2786138,-0.24705683,-0.53981656,-2.0822625,0.491949,0.70283276,0.7616175,0.8045742,-0.36781272,0.7496652,-0.39739853,0.05324446,-0.93631315,-1.985575,-0.32526317,-1.0061939,-0.15968612,-0.6658726
STUDENT_778,-0.09034543,0.5126432,0.22889538,-0.32280764,-0.07157093,0.17723252,1.286861,0.3309261,-0.4675994,0.03769657,0.4957611,-0.87614846,-0.7669621,0.051316593,-0.8124193,0.4738317,0.09941444,0.25010538,0.0036628218,-0.35179958
STUDENT_206,-0.43779057,0.7428534,-0.3722096,-1.8700018,0.035265114,-0.45321274,-1.5266566,-0.7651816,0.7921471,-0.6058829,0.048033632,0.9452961,-0.038585406,0.47907704,0.40305007,0.65004927,-1.0388258,-1.1193132,0.22340985,-0.4829568
STUDENT_851,-0.8232638,-0.5557369,0.81003577,-0.59267986,0.2043462,-0.67098045,0.0761286,-0.68185204,0.07557736,-0.77648145,0.27933693,1.1672301,0.5312818,-0.504884,-0.33359867,-0.3943425,-0.110661335,-0.11209308,-0.99009204,0.4634281
STUDENT_1370,-0.828307,-0.86069286,-0.4164229,-0.106260546,-0.6754752,-1.0390614,-0.17536935,0.70882696,0.28326687,0.107242614,-0.6574069,0.13278563,0.12213826,-0.31482226,0.71400535,0.58604354,-0.6811047,0.25668004,0.28677687,0.34267282
STUDENT_1358,-0.30105492,-1.2794342,0.6818688,-0.4096811,0.44983327,-0.2342878,0.1172253,-0.42779952,-0.3483539,1.0195806,-0.12987018,-0.16143659,0.8236671,-0.009394628,-0.7765764,-0.108684696,0.07452461,0.39866206,-0.76647395,-0.43916872
STUDENT_1665,0.35003996,-0.38104254,0.38819617,-0.6280878,0.39805415,-0.4475825,-0.23313913,0.18813318,0.08721321,0.66413945,0.45777625,-0.42364442,0.03856309,0.3785015,0.27786273,0.834282,-0.98365307,0.9487938,0.53962326,-0.28955826
STUDENT_84,0.3901812,0.6925593,1.0267779,-1.0889086,0.31581354,0.06729563,0.018558394,-0.6673144,0.28146222,-0.5713912,0.9009423,0.085707694,-0.360141,-0.3497238,0.24815696,0.22495995,0.05003336,-0.34692356,0.61945504,-0.18662496
STUDENT_1603,-0.6663622,-0.33770424,0.54687953,0.0334677,-1.0541507,-1.1183196,-0.42652783,0.13284898,0.7954729,0.95303553,-1.2081178,-0.25695783,0.18274386,-0.8092241,0.19517948,1.3016354,0.24155515,-0.17336614,1.1423867,-0.118033506
STUDENT_1736,-1.1933697,-1.28155,0.1570972,-1.3897188,-0.23826814,-1.2980521,-0.39992842,-0.042962402,-0.54318976,0.71253186,0.19008553,-0.18873233,0.8623686,-0.8908328,0.13291873,-1.6021583,0.31569058,-0.09874553,-0.92910826,0.43961915
STUDENT_1345,-0.16332388,-1.096402,-4.2513013e-05,-1.059196,0.19516513,-1.5582412,-0.753513,0.76661533,0.26043382,1.6202137,-0.66603744,-0.82304955,0.6064345,-0.13471742,0.739455,1.1147289,-1.5601225,0.17499967,0.8621679,0.24618863
STUDENT_421,0.21488686,-0.4523703,-0.39585596,-0.07987825,-0.34393552,-1.1299776,-0.5997555,-0.4054036,-0.21029654,0.9067796,-0.15435174,-0.1412226,0.14772154,-0.37965828,-0.28477663,0.55211407,0.13597557,-0.3439185,0.2927476,0.27534446
STUDENT_1686,-1.2808162,-0.49866456,0.59486675,-0.6082547,-0.5572924,-0.87249655,0.33874902,-0.03480932,0.23722763,0.46066135,-1.1151165,0.2049749,0.3929595,-0.63079846,-0.25081348,0.09742703,-0.003914943,-0.16819058,-0.17299771,0.4877396
STUDENT_630,-0.42909423,-0.63450754,0.32602292,-0.18064635,0.33818257,-0.3837539,0.7769004,-0.30182675,-0.52771634,-0.04128399,-0.35553157,0.36219656,0.27575144,-0.9692645,-0.025346017,0.37110245,-0.47849712,-0.30748552,-0.01950277,0.25585595
STUDENT_1266,-0.58045983,-1.2643394,0.9732338,0.40745655,-0.18421088,-1.1068491,0.60476685,-0.1328367,-0.22876726,-0.56818646,-0.24229205,0.11277044,0.17470235,-0.9079876,-0.26468956,0.8939485,-0.596745,-0.040843315,-0.0240864,1.0218868
STUDENT_988,1.2454293,1.1311988,-0.4188195,0.1416823,-0.105719954,0.40419114,1.1262022,0.18761346,-0.49416453,-0.5417265,0.68953395,-1.6078489,-0.98197085,0.69056153,-0.71185786,1.1727438,-0.013289241,-0.1041685,0.53936476,-0.1065977
STUDENT_485,1.2589363,-1.0855207,-0.59551865,0.80482924,-0.42916527,-1.1392232,-0.4671851,-1.171865,0.2804998,0.061128557,-0.06406363,0.07254867,0.8958015,-0.376896,0.5964391,0.6822472,0.6927015,-0.0012536275,0.73166674,0.773709
STUDENT_559,-0.26472262,-0.33474123,0.349221,-0.5791168,1.0639739,-0.86513793,0.06006623,0.28315997,-2.2589831,-0.6538593,0.7963774,-0.015964273,0.34061489,-1.1500883,-2.524927,0.5683405,1.000811,0.20812598,-0.41548735,-0.7950828
STUDENT_918,0.09040411,-0.95501375,0.35818952,0.19299598,0.32311893,-0.4253945,-0.24200505,-0.63212883,-0.29518119,-0.75195295,0.6375852,0.4643309,0.5565617,-0.6061124,-0.015912121,-0.08231076,0.14589873,-0.37262684,-0.32962555,0.1894484
STUDENT_707,1.9353164,0.074471556,-1.2683631,-0.474437,1.1499069,-1.6895962,-1.843122,0.514649,-1.3287151,1.2457998,-1.4175496,-2.8646963,0.89827675,-0.1580198,-2.062809,1.8666469,1.5393853,-1.1621859,1.024867,0.40939435
STUDENT_132,-0.012535166,0.6081884,1.4156169,-0.7864626,0.081768855,-0.46016398,0.2860419,-1.4520775,-0.21398337,0.67955226,0.9700971,0.3711381,-0.73866343,-0.81898093,-1.1325619,1.063384,0.48293105,-0.11569541,0.420836,-0.79637235
STUDENT_373,-0.2583649,-0.03206335,0.047790833,-0.66313773,-0.061516616,-0.049662523,0.33746,-0.26271132,-0.45604876,0.80554444,-0.47237727,-0.79131615,0.39961386,-0.39475453,-0.5390353,-0.12695684,0.6763634,-0.77268857,-0.21819375,-0.15788276
STUDENT_1634,1.1907539,-1.542017,-0.2506104,1.2735289,0.54527587,0.34911662,0.5858085,-0.7841795,-0.10211874,0.2118539,0.34791192,-0.10957007,0.6888503,0.29848653,0.09506016,0.4388953,0.5747665,1.1855,0.08592189,-1.202714
STUDENT_417,0.09036167,0.7696858,-0.21198782,-1.3638368,-0.49976498,-0.7171515,-1.4208419,-0.9298483,0.5394851,-0.4484436,0.6066251,0.39576504,-0.17284442,1.0513017,-0.8433405,0.501628,-0.30564022,-0.5779914,-0.65929556,0.68794817
STUDENT_1326,-0.560837,-0.9571559,0.46809703,-0.8666749,0.26878178,-0.41648203,-0.4574141,0.18212026,-0.06598984,1.3989115,-0.6254691,-1.0225568,0.59912056,0.6859727,-0.75537896,0.6890411,-0.5096161,-0.6213296,-0.55403364,-0.3193638
STUDENT_969,-0.38289598,-0.24773543,0.40248537,-0.03224198,-0.14536542,-0.46539032,0.77029324,-0.18318668,-0.5454458,0.4058764,-0.036362983,-0.16816555,0.07529387,-0.32241714,-1.0643135,0.11560232,0.2809751,0.06809792,-0.73951936,0.4881398
STUDENT_741,0.3674603,-0.8861543,-0.122849435,0.06441351,0.51669836,-0.22997999,0.43347725,-0.45894164,-0.5280373,-0.32793498,0.6325779,0.18300475,0.30678558,-0.89715135,0.63404816,-0.33875927,0.13921311,0.124675944,0.3442934,-0.28917724
STUDENT_41,0.90049714,1.104019,0.7908995,-1.8610555,0.5453731,-0.42417085,0.32742426,0.13281567,0.72072244,0.21264085,0.016361676,-0.5843868,0.20708176,0.046092797,0.4904685,0.21745326,-0.73191774,0.28244618,-0.08750304,1.6863186
STUDENT_443,1.1516042,0.31368566,0.29395002,-0.69352037,0.17997855,-0.33730835,-1.1603285,-0.6972683,0.6644582,-0.6508826,1.468105,-0.13735504,-0.21800767,1.9964509,-0.8845961,1.3243979,-1.0215075,0.32700005,-0.6641367,0.6869967
STUDENT_439,-0.3795651,-1.0269394,0.46277314,-0.048115116,-0.15037973,-0.7132585,-0.35475102,0.5968804,-0.3994652,-0.23177369,0.28555346,-0.7568614,-0.10531619,-0.39316726,0.4557012,0.74358904,-1.0236994,-0.6727511,0.54524416,0.3713
STUDENT_1734,-0.47132015,0.11055475,0.48361695,-0.6290308,-0.26068816,-0.48684275,0.0733477,-0.73661596,0.13302572,0.9332196,-0.5272025,0.46936265,0.21278031,-0.7200079,-0.47586632,0.037346534,0.64247304,0.043291546,0.018632513,-0.15045832
STUDENT_518,-0.21483625,-0.03356026,-0.1748777,-0.13346072,-0.2843359,-0.25421342,0.7136839,0.21334355,-0.23577978,0.6875426,-0.7447791,-0.68833965,-0.054307174,-0.43249696,-0.19437833,0.6184767,0.059943005,-0.40847868,0.36595073,-0.07188252
STUDENT_78,1.7177695,0.06910686,-1.2247766,-0.3733739,0.37881967,-0.09581659,-0.83666205,-0.83933514,-1.0377842,1.0912454,0.4623728,-3.7017438,-0.20077486,0.08883576,-0.29677367,1.7896829,0.6917228,-3.154612,2.300215,-1.5590523
STUDENT_436,0.19691776,-0.5865003,0.1915711,0.07310727,0.51953787,-0.052310295,-0.096518755,-0.76351637,-0.27526173,-0.6048464,0.50237465,0.5031287,0.42196926,-0.52328664,0.04417023,-0.12033565,0.26500806,-0.45316452,-0.20052509,-0.18360919
STUDENT_1163,-0.19219705,0.024473617,-0.20550169,-0.2952611,0.037008923,-0.12382864,0.2687864,-0.48036033,-0.6373347,0.3271213,0.17943454,0.028072875,0.19923183,0.04998727,-0.82304883,-0.2763412,0.33185557,-0.2988759,-0.85729545,0.20302974
STUDENT_1418,-0.32444158,-1.1515727,0.09767954,-0.838842,0.5500957,-0.3302728,0.4916437,0.4354876,-0.063749984,0.3221715,0.33200037,0.044257324,0.3201991,-0.1815233,0.72554284,-0.4825608,-0.8495006,1.6566463,-0.1350609,-0.6145277
STUDENT_1533,0.57279295,-0.19579896,0.12637086,-0.2036362,0.5416024,0.053876504,-0.47061136,-0.75643665,0.5718362,1.3223329,-0.64859116,-0.40913475,0.49459955,0.5785438,-0.20696929,1.02447,0.13418749,-0.23394842,0.64604336,-1.2374822
STUDENT_1169,0.16867124,-0.9451827,-0.5439781,0.029732037,0.8274836,0.4382741,1.0702541,-0.67456836,-1.0216422,1.2346926,0.2880549,-0.23425375,0.0835607,0.44153795,-0.9958916,0.73095447,0.07883686,0.5987084,-0.57468015,-1.635618
STUDENT_1580,-0.924264,-0.9713236,-0.4370818,-0.77577376,-0.374868,-0.86536765,-0.5317467,0.5228999,-0.3459666,1.196305,-0.49525812,-0.5703032,0.39788383,-0.7028464,0.2897812,-0.34791508,0.2898155,-0.40539953,0.24332204,-0.6394089
STUDENT_1813,-0.015290599,-0.029361742,0.9445745,-1.296401,0.510311,0.07562427,0.12491023,-0.16126072,0.27197942,1.1219373,-0.042315975,-0.50941825,0.37470812,-0.06549658,0.12837787,0.30801177,-0.3976222,0.66079515,0.6445723,-0.7028642
STUDENT_577,0.18678576,-0.15666005,-0.455647,0.054059785,0.06619184,-0.12727535,1.037771,-0.048184857,-0.9905684,0.32153052,0.6490233,-0.46818587,-0.2393877,-0.2533035,-0.76839614,0.1196698,0.30497155,0.41861725,-0.4698933,-0.10726502
STUDENT_702,0.21631713,0.08727567,-0.46600604,-1.4368398,1.0992222,-0.17232,-1.1281471,0.5428186,-0.8078941,-0.93845195,2.0422816,0.09234814,0.12817551,1.8562478,-1.9660773,0.20737827,-0.7466769,0.885241,-2.2411592,-0.333953
STUDENT_1722,2.1773522,0.8994321,1.8731209,0.41575584,-0.43131438,-1.4568493,1.0205547,0.08483499,1.4766259,0.15891477,0.04502078,-0.07090102,-1.879224,1.4148828,-2.1978288,-1.3045518,0.12796369,-1.7644573,0.6594657,-1.5008589
STUDENT_316,-0.122967735,-0.18998893,-0.21151191,-0.4972655,0.46871844,-0.06608831,0.061731957,0.03417649,-0.2918009,-0.29779702,0.34246248,0.27762267,-0.03870908,-0.4289834,0.84597766,-0.16470748,-0.353374,-0.2694953,0.37297204,-0.7227667
STUDENT_1452,0.2266543,-0.8030875,0.6792493,-0.21263815,0.6004575,-0.49530905,-0.53584176,0.57340795,0.017303126,-0.29137155,-0.18805766,-0.3533882,0.68802375,0.36170134,-0.88410276,0.470649,-0.083063856,0.7418763,-0.08396895,-0.4478734
STUDENT_579,1.0869825,0.90171486,-0.7093618,-0.14518087,0.888368,0.9001091,1.9292117,-1.2913748,-0.48997375,-0.8641036,0.2955378,0.52009505,-0.5595086,0.12515195,-0.12480751,1.008768,-0.1348241,-0.627671,0.6107463,-1.0688502
STUDENT_374,-0.4354264,0.23758315,1.6548549,-1.8168269,0.081264436,-1.1362852,-0.3182111,-0.5366276,0.5217265,1.4201753,0.054826118,-0.5140957,0.07495989,0.3971426,-0.83606744,1.3331087,-0.8494476,0.36067748,0.20283636,0.46742576
STUDENT_1354,-1.1321752,-1.2389467,0.7008923,-1.155735,0.20644557,-0.9304465,-0.40566137,0.026373597,0.38724333,0.9378901,-0.99212515,0.047635358,1.0287646,0.22181623,-0.33094552,0.24354908,-0.87845296,-0.059969075,-0.7934308,0.17102848
STUDENT_404,-0.5450675,-0.060321078,0.46898794,0.073059246,-0.64613914,-1.2017306,0.792558,-0.10511494,0.26954782,0.70278513,-0.73202294,0.340448,-0.28693706,-0.6227437,-0.37935168,1.514529,-0.4984754,0.425705,0.41599557,0.757733
STUDENT_891,2.4555027,1.098365,0.51832736,-0.08063523,1.1160582,1.256911,1.2145076,-1.969303,0.22066759,-0.4662996,1.4935287,-0.6178888,-0.32454726,1.5079285,-1.1117227,1.1251296,0.57794183,0.81253916,0.07723358,-0.7479213
STUDENT_1311,0.2717804,-0.7862096,0.6567609,0.37005055,0.03754198,-0.06823007,-0.1439608,-0.44903207,-0.3086247,0.071514264,-0.040625706,-1.2535126,0.38596162,-0.7147026,-0.16008352,0.6366922,0.47127062,-1.354449,0.64971393,-0.32976338
STUDENT_1280,1.7212869,0.08174211,-0.58204424,0.629634,-0.08359936,-0.4914217,0.20612192,-1.249406,-0.6390572,1.032809,-0.42689562,-1.8954716,0.37866727,-0.34474617,-0.8811004,1.2376528,1.1543636,-1.2723807,0.8736187,0.36728773
STUDENT_33,0.5772181,0.50563866,-1.4468824,-0.49621543,0.42718086,0.6171951,-0.576137,-0.80245274,-1.4286615,-1.0401139,2.17434,0.15114316,-0.6839788,1.0986797,-1.1163386,0.7590448,-0.6067032,-0.8214868,-1.0093048,-1.084093
STUDENT_1168,1.806556,-0.43897694,-0.6981162,-0.291876,0.8646986,0.3376596,-0.3494482,-0.23337805,-1.2702405,1.5520227,-0.12014798,-3.999504,0.5783369,0.114154294,-1.765837,0.58629376,1.6920655,-1.8564059,-0.47941944,0.2657288
STUDENT_833,-0.4603984,-0.704368,0.77801967,0.27269593,-0.26636097,-0.13027278,0.053757496,-0.10550007,-0.026934085,0.069827035,-0.28854147,-0.48848712,0.045634765,-0.7013614,-0.041324288,0.7649397,0.076336145,-0.7036297,0.61040604,-0.61989003
STUDENT_1372,-1.0863706,-0.4506812,0.8686559,-0.39970586,-0.42771214,-1.054481,0.7332144,0.105513886,0.46031234,0.12937538,-0.19444555,0.9398099,-0.1411054,-0.14667957,-0.6095721,-0.94904864,-0.08135685,0.25899872,-0.5792565,-0.13369714
STUDENT_1621,0.045990396,-1.4983103,0.34063655,0.5663309,0.329915,-0.31314093,0.14388934,-0.3374421,0.28621754,1.0086751,-0.66607034,0.1647452,0.85928637,-0.0966907,-0.20879366,0.45808387,-0.103872515,0.72161895,-0.2692263,-0.53099215
STUDENT_1887,-0.77318156,-0.43976748,1.0998619,-1.2780461,0.44576532,0.46219888,0.4997753,-0.40352607,0.36424372,0.39810473,-0.049556486,0.22776875,0.58074903,0.33927602,-0.38138118,-0.629885,-0.09328557,0.8569581,-0.70286316,-1.0888177
STUDENT_1393,0.27141193,0.18412575,0.32985932,-0.872975,-0.27276984,-0.7879592,-0.9741223,-0.67965233,0.26865956,0.95436436,-0.521488,-1.2622007,0.43484122,-0.08323182,-0.5181567,0.4515886,0.8170497,-1.3721411,0.42021006,0.36045894
STUDENT_230,1.1442628,0.21037285,-0.8650357,0.18171628,0.32323313,0.7104593,0.94922733,-0.728149,-0.25744656,-1.1696458,1.0644536,0.057724353,-0.8344692,0.049496394,0.6839222,0.5824076,0.34792188,0.27441388,1.0538853,-2.03015
STUDENT_608,1.2118819,1.0915118,-0.46028745,-0.7223926,-0.4106299,-1.1286501,-0.081316225,-0.47562566,-0.5928569,1.136904,0.77568334,-1.8914592,-0.96370953,0.12500493,-0.50073516,1.7487464,-0.14483128,-0.18258952,1.4593204,0.12528451
STUDENT_661,1.6574807,0.30287623,-0.1319362,-1.3951243,0.57010347,-0.49109077,-1.8825333,-0.35792106,-0.067750365,0.95209897,0.12344479,-4.074249,0.4336099,2.5239265,-0.9489922,1.9337629,-1.0421637,-2.8062358,0.7831184,1.0831863
STUDENT_265,0.06381257,0.824105,1.2544414,-1.2873173,0.24301806,0.24808374,-0.68364406,-0.9385806,0.38219848,-0.67994875,1.4886237,-0.054663215,-0.6056181,0.11526343,-0.66166854,0.3160235,0.3771688,-0.6906104,-0.18112603,-0.38206083
STUDENT_438,-0.8984866,0.34571993,0.6990704,-0.23840736,-0.41096053,-0.058904685,0.96118957,-0.092831895,0.13224001,0.39537734,-0.79931384,-0.09437142,-0.2770164,-0.103512265,-0.815127,0.7054271,0.1524157,-0.19145025,-0.06757353,-0.051521983
STUDENT_1941,-0.6236109,0.64416707,0.5045387,-2.2626722,0.087166965,0.44481406,-0.794981,0.6827655,1.4509372,-1.1854801,0.46107513,-0.033908475,-0.09503208,1.988574,0.2217865,0.6882601,-1.7836918,0.47956827,-1.0532981,-0.61947745
STUDENT_650,-0.64293146,-0.44921732,0.4370029,-0.70794284,0.15898451,-0.93405294,-0.3990628,-0.62416697,-1.0987911,0.6465359,0.9640989,0.497806,-0.2940346,-0.7556349,-1.2152648,0.6454849,-0.26702064,-0.45910054,-0.7484167,-0.11980639
STUDENT_461,-0.0782263,0.48464698,-0.16920377,-0.45194873,0.036552932,0.113727555,0.6156796,-0.080133684,-0.019791383,-0.08795405,-0.27443767,0.11717184,-0.054104313,0.10844517,0.024837503,0.1110417,-0.16593753,-0.218773,0.031669114,0.02386878
STUDENT_639,1.86963,0.9229773,-0.39627463,-0.037785035,0.13495418,0.71485215,0.55437714,-0.7765418,-0.65206254,-1.4382913,2.1436787,-1.0035819,-0.5507303,1.0611129,-1.285609,0.08755272,0.6877334,0.35416266,-0.6618206,0.24049436
STUDENT_889,-0.11335166,-0.14587964,0.05580523,-0.21912676,-0.3365395,-0.050497495,0.39737818,-0.059938088,-1.0374509,0.7291731,0.39243495,-1.3771131,-0.16259427,-0.15977947,-1.5150256,0.22492296,0.9518549,-0.41965148,-0.6007853,-0.28547207
STUDENT_355,-0.42425779,0.6531733,-0.16242291,-1.8622259,0.33985677,0.23107012,-1.5841488,-0.7196422,-0.6596027,0.09973641,1.7463492,-8.140877e-05,-0.59082216,0.22156976,-0.6556766,0.14873615,0.06939259,-0.77004594,-0.7994291,-1.5073575
STUDENT_1893,0.56742805,-1.3859076,0.23968317,-0.35346314,0.8454531,-0.4128009,-1.4486513,0.56348777,-0.5530669,0.22261639,0.24574238,-1.2617254,1.0951837,0.3217277,-0.6462916,-0.052753396,0.6849231,0.21610618,-0.06650093,-0.9625016
STUDENT_1581,-0.6781539,1.0444005,-0.68908703,-2.4885232,-0.3580311,-0.9567123,-1.3459667,-0.032844894,0.5881133,0.28163096,-0.5542538,0.25799233,0.25059617,0.35384583,0.94529366,-0.19468439,-0.80278563,-0.48219255,0.21990815,-0.017176162
STUDENT_354,-0.405872,-0.43595085,0.52077556,-0.45422313,0.31628904,-0.039840147,0.37582606,-0.2840644,-0.22122425,-0.038564973,-0.16318825,0.26037446,0.33070537,-0.85265356,0.27750564,-0.18386146,-0.081106074,-0.3023682,0.20988953,-0.43485907
STUDENT_1647,1.1178682,-0.20817086,0.3010844,-0.07086123,0.915988,0.3436784,0.1960038,-1.3540248,0.3710268,0.42957672,0.1408616,0.29836506,0.73085207,0.61887896,-0.16059011,0.48803294,0.2107432,0.5129824,0.09360361,-0.67225254
STUDENT_1226,0.7341667,-0.65274495,0.3406607,0.54201406,-0.01516876,-0.9481165,-0.57951236,-0.849569,-1.1009169,0.3246538,0.9163928,-1.265559,-0.47854382,-0.4164793,-1.1669183,1.3674898,-0.093539774,-1.1056801,0.4309319,0.43624464
STUDENT_1848,0.08721624,-0.54727405,0.54902565,-0.5286875,-0.5167911,-1.0133356,-1.0725621,-0.4129891,-0.08210091,1.4093511,-0.26482588,-1.3567576,0.49506018,-0.7070624,-0.5936309,0.21532325,1.2365897,-0.8465784,0.395718,-0.1945237
STUDENT_1245,1.3013842,0.4285165,1.3326083,-0.0030760576,-0.17396729,-1.9709363,1.1521536,-0.3986757,0.36977357,0.8474329,0.35592467,1.0348139,-1.0857862,0.2958615,-1.8397907,-1.3110232,0.11495754,-0.6767671,-0.16591549,-0.3214775
STUDENT_799,0.19260949,-0.8772828,0.37837398,-0.32747096,0.8216012,0.23655474,0.74271,-0.250951,-0.53151274,0.75664556,0.20954317,-0.44046786,0.33341458,0.3245641,-0.5650677,0.23072794,-0.36169288,0.5867169,-0.28993025,-0.5998257
STUDENT_857,0.0034192093,-0.37505078,0.9768027,-0.4891634,0.50680655,-0.32016605,0.5322493,-0.8466915,-0.18326536,1.4650614,-0.20725682,-0.004215885,0.33924505,0.04965498,-1.2358851,0.82230026,-0.154727,0.49433753,-0.30387512,-0.25736764
STUDENT_1296,0.968136,0.8115548,0.22475232,0.7474797,-0.31137827,-0.27675292,1.2182312,-0.36003026,0.009311052,-0.28355494,0.1800245,0.22315826,-1.1642953,0.6754638,-1.5555851,0.88065344,0.09350872,-0.0055791065,-0.08242139,-0.4819287
STUDENT_1889,0.39505777,-0.64664936,0.68973523,-0.9673281,0.51812816,0.3465211,-0.3208913,0.8712706,-0.1173293,-0.115884855,1.2382503,-1.4055437,-0.12628148,0.7347954,0.43476027,-0.18995011,-0.6513638,0.8932663,0.06328289,-0.7928101
STUDENT_128,-0.27252033,-0.20512049,0.82888,-0.535966,-0.14210857,-1.2776004,-0.058212526,-0.98462194,-0.20884234,0.8557001,0.39334768,0.72929233,-0.29671982,-1.4285733,-0.19738133,1.0727664,-0.16940972,0.2874646,0.75990206,-0.16039428
STUDENT_126,-0.28888652,0.47644788,1.3837727,-0.069307335,0.08140209,-0.7323813,0.6100311,-0.2922906,0.087399736,-0.71530116,-0.27395406,0.5247588,-0.4862155,-0.8838091,-1.0450575,1.8514171,-0.075531855,0.2206994,1.1322389,-0.27544877
STUDENT_152,0.062048424,-0.28968278,0.484015,0.05120657,0.45109853,0.08737701,0.715584,-0.6089789,-0.24303605,-0.31737596,-0.139453,0.35694692,0.26444268,-0.7170733,-0.062127076,0.14615405,0.0070302095,-0.3245587,0.1732336,-0.21636079
STUDENT_664,-0.8876657,-0.646036,1.2291013,-1.8880315,0.527619,-0.51700175,1.1868583,0.47283837,0.29266885,0.13435335,0.0032430738,-0.44512558,0.46531418,0.19270204,0.2121188,0.020277485,-1.4573303,1.0835326,-0.4445852,0.7240537
STUDENT_347,0.21770982,-1.1511879,1.0114845,-0.27868962,0.6273839,-0.21733864,0.13205484,-0.6461855,0.075671494,0.5377029,-0.18671355,-0.20023221,1.2092063,-0.04816289,-0.5880494,-0.31565726,0.13129981,0.38471946,-0.7529302,0.09184426
STUDENT_580,0.8651067,0.65758175,-1.3422753,0.3243313,-0.27010417,0.15038933,0.48371473,0.16857956,-0.8703062,-0.72479814,1.2118143,-0.46776134,-0.8880998,0.82436824,-0.76394975,1.2174448,-0.04845193,0.5199366,-0.23511648,-0.6845683
STUDENT_824,2.0094013,0.21973284,-0.7180201,-0.37971872,1.0485541,1.0621692,-0.81768894,-1.143147,0.20098661,-0.4240223,0.30918875,-1.9791429,0.46356377,2.5622764,-0.7546091,1.1013949,-0.386835,-1.6174036,-0.06229681,0.06734686
STUDENT_1215,0.76702094,0.22270198,0.52320653,0.17598243,0.7968136,1.1803865,0.8025123,-0.77069074,-0.6264826,0.36725733,1.0496427,-0.83935344,-0.290041,1.4198766,-2.2015498,0.9643293,0.34984568,0.39418224,-1.2283597,-0.97614104
STUDENT_761,-0.18885745,0.5965962,-1.0891181,-0.45719412,-0.4779121,0.2305012,-0.9367372,-0.54670024,0.029433655,-0.47020832,0.40001413,0.21218841,-0.42158878,1.5909493,-1.4053845,0.9103051,-0.048039198,-0.76027113,-1.1092376,-0.67360103
STUDENT_1894,-0.35783,-1.0314213,0.8579042,-0.6368601,0.03867949,-0.7939997,-0.06215793,0.3169277,0.6629256,0.6371008,0.2638301,0.15169995,0.2941973,-0.22363676,0.7463639,0.43815923,-0.7187303,1.8994069,0.40474644,-0.348628
STUDENT_849,0.66292715,0.29585886,0.7089518,0.13142198,0.16907558,-0.27829576,0.6591582,0.07253206,0.27676177,0.15212037,0.7742703,-0.79525435,-0.8716201,0.9417546,-0.653511,2.0951345,-1.0352218,1.2921187,0.5895228,-0.17350756
STUDENT_676,0.16989547,-0.31206757,1.0853044,-0.69661677,0.66926026,-0.034205504,0.37731215,-0.23345906,0.21715309,0.65402025,-0.5689782,-1.2092745,0.6643874,0.9077924,-0.8194338,0.87511533,-0.838028,-0.7501048,-0.50794065,0.6997986
STUDENT_1495,0.028760608,-0.26698345,-0.06089203,-0.3210362,-0.44499484,-0.9891752,-0.9179529,-0.24341296,0.1972139,0.86310905,-0.25427505,-0.27056643,0.20662735,-0.3257464,0.041730434,0.34687454,0.32504925,-0.36884072,0.56192064,-0.026287805
STUDENT_1641,0.60000396,-0.49765956,-0.38617665,-1.4097877,0.48695377,-0.85559696,-2.2401526,-0.54409623,0.27335784,0.5651348,0.40319473,-0.6677489,0.7568358,1.5857226,-0.21269588,0.5994189,-1.0368497,-0.63794655,-0.26115483,0.1832036
STUDENT_1836,-0.2294357,-0.42389923,1.4044923,-0.93806964,0.05614872,-0.439875,-0.062432684,0.06553309,0.62819546,0.94333714,-0.25411433,-0.57926154,0.4304836,-0.11783339,0.11401355,0.64295805,-0.5802507,0.7827224,0.58384883,-0.11217999
STUDENT_487,-0.004079517,-1.0898913,-0.6034865,-0.8619245,0.6343482,-0.74001163,-0.62452424,0.43981314,0.056761384,0.40902436,-0.0359573,-0.10791859,0.9103693,0.59745085,0.7911787,0.0056326324,-1.4176565,0.38462582,-0.3580206,-0.014641325
STUDENT_558,-0.2372151,-0.37641805,0.08094147,0.2946879,0.19518864,-0.16318417,0.44624475,-0.39830124,-0.5043264,-0.30951467,8.2053244e-05,0.597535,-0.16567817,-0.34486738,-0.445154,0.81202155,-0.4662014,-0.6014899,-0.18733025,-0.20281658
STUDENT_502,-0.8161913,-0.8144435,1.1199946,-0.12466223,-0.11580999,-0.21753138,-0.11282591,-0.4359575,-0.25948316,-0.035475306,0.2692827,0.18302144,0.3305958,-0.76407766,-0.50285774,-0.11868997,0.5471371,-0.3280072,-0.22832759,-0.70304006
STUDENT_854,1.1841997,1.8193611,-0.54458743,-2.2928615,0.8922089,-0.14745462,-1.1163177,-0.8675361,-0.4441551,0.6285417,2.1625302,-0.4859041,-0.6998861,1.9424132,-1.1517587,1.3897214,-0.75555056,0.44950423,-0.42259052,-0.8325657
STUDENT_614,1.3664005,-0.9271134,-1.4020289,-0.7742434,0.7282204,-0.99518347,-2.570512,-0.802801,-0.7160013,1.3364065,0.5022116,-2.3516994,0.87306327,1.8697559,-1.053549,1.0627799,-0.70844144,-1.9299713,0.102324665,0.49268857
STUDENT_1305,-0.051437955,0.9239625,0.87029046,-1.6787274,0.31587252,-0.90741074,0.5958396,0.40362707,1.0131817,0.052231953,-0.030961797,0.13674097,-0.34888756,0.1598392,0.163843,0.6227477,-1.0421393,1.1120585,-0.38638732,1.4443952
STUDENT_1875,-0.7111117,0.020300342,0.43523383,-1.3547344,-0.52096033,-1.0018767,-0.3959417,0.34679207,0.15456761,1.3374825,-0.5497304,-0.78509486,0.17111655,-0.8101847,0.4160753,0.36731416,-0.019689498,-0.27846003,0.9815764,-0.0821551
STUDENT_599,0.103320256,-0.70530105,0.6659213,-0.6378566,0.5643298,-0.6791692,0.3865994,-0.52412796,0.21922861,1.276181,-0.6064597,0.13478929,0.7974769,-0.43147066,-0.12560609,0.6683351,-0.7615348,0.78879476,0.20711875,0.2654864
STUDENT_1544,1.7450118,0.10317275,0.4406026,-0.20996872,0.6657503,0.6729845,-0.29857883,-0.513324,-0.27720067,0.16269591,1.7302091,-1.9283204,-0.4879801,1.0548468,-0.33655107,0.93801016,0.47115794,0.7684422,0.8331868,-1.4654278
STUDENT_272,-0.10177091,-0.38424593,1.1643677,-1.0480448,-0.27146333,-1.67108,-1.2655717,-0.77503884,0.015704947,0.71557516,0.42010832,-0.26200223,-0.109029815,-0.9456819,0.101236075,0.9762987,-0.36619955,-0.58568275,0.9785389,0.5342503
STUDENT_1885,-0.092601925,0.8311007,0.62925494,-0.82593787,-0.39687434,-0.2685039,-0.1669251,-0.20705993,0.7717182,-0.053424947,-0.06665158,0.026006032,-0.18806566,-0.060602587,0.3533766,0.48845798,0.14447081,-0.0029222,0.7338281,0.032159854
STUDENT_1771,-0.88523835,0.3802932,1.4147955,-1.4359314,0.23729125,-0.009122333,0.20561156,-0.30528808,0.72242725,0.58685654,0.33521873,0.3057906,-0.15694173,0.87656444,-0.9008516,0.77222615,-0.68885624,0.8518825,-0.43930647,-0.7165208
STUDENT_1661,0.6061167,-0.93028367,-0.6349119,-0.7066642,1.080565,0.17722724,-0.07564162,0.101325125,-0.5534794,0.43484023,0.80318487,-0.512215,0.36650196,0.51882577,0.5650897,-0.4439041,-0.56751186,0.7926511,-0.18178892,-0.82818943
STUDENT_1064,-0.06854123,-0.01673563,0.38231802,-0.90859914,-0.33080244,-1.187097,0.37501392,0.083786845,-0.3166599,1.0021513,-0.14146107,-0.98786557,-0.05211995,-0.6321286,-0.13878149,0.6028928,-0.29869583,-0.17822333,0.52198833,0.90504676
STUDENT_1340,-0.5316902,-0.6853176,0.2430584,-1.2813747,0.7008728,-1.057726,-0.30987993,0.85830575,0.016570168,0.15674892,-0.98622566,-0.035183225,0.9798094,0.10123752,-0.3780621,0.46770793,-0.7354647,0.45688733,0.114932984,-0.06661049
STUDENT_434,-0.9730838,-0.9157704,0.58867776,-0.82755613,0.16725662,-0.5066421,-0.10058941,-0.25442842,-0.75058764,0.33471096,0.27429605,0.15865426,0.4108344,-1.0146209,-0.28022078,-0.5596863,0.23255207,-0.4424386,-0.51910096,-0.4658761
STUDENT_843,0.09395267,-0.09927365,-0.11396304,-1.154537,0.689263,-0.17181298,0.2876148,0.4420792,-0.71638787,-0.041768886,0.27200326,-0.7240754,0.11276298,-0.44905478,0.8547878,0.0669467,-1.0785005,-0.94188315,0.5853557,0.060696203
STUDENT_713,-0.335367,0.08430867,0.53039277,-0.05208076,-0.14138983,-0.20287772,0.87336314,-0.35874653,-0.23557065,0.28327706,-0.39807364,-0.058036778,0.04807009,-0.23506595,-0.8689207,0.25725654,0.3075907,-0.098307736,-0.46283963,0.40128607
STUDENT_1918,-0.9629585,-0.8887259,1.2481023,-1.2118809,0.007399123,-0.3033412,-0.59163237,0.22507572,0.63092923,0.5143432,-0.31470773,-0.574227,0.8017905,0.55313885,-0.21589354,0.020504735,-0.37053505,-0.01747001,-0.5902383,-0.2915234
STUDENT_1484,0.117220074,0.3198266,0.19086233,-0.07189127,-0.015566174,0.2414407,0.72808504,-0.59526986,0.48765907,-0.122213095,-0.64453495,0.18544737,0.21507241,-0.30358747,0.31634933,-0.15978864,0.5143909,0.01020585,0.47773424,-0.32030717
STUDENT_1531,0.9907482,-0.7423199,1.2113396,-0.4054366,0.2973239,-0.62438095,-0.6028603,-1.135401,-0.120673195,1.0238063,1.3409098,-0.3048557,0.24291885,-0.23000689,-0.37549165,0.41550392,0.5970195,1.4090136,0.3747119,-0.6528768
STUDENT_62,1.9388475,0.11176342,0.15282562,1.1469275,-0.025897238,0.3274454,-0.16772163,-1.9606719,0.15908487,-0.612576,0.39690846,-0.8056141,-0.28859362,-0.026491988,-0.08830246,1.5832098,0.946901,-1.1210312,1.777098,-0.82369554
STUDENT_1825,-0.30996332,0.060000688,0.48786187,-0.7756935,0.42092782,0.8979602,0.52275044,0.02290404,0.21979271,0.5537419,-0.08287821,-0.71656364,-0.161013,1.2231959,-0.4025023,0.88026685,-0.47606122,0.16979529,0.03049511,-1.5465857
STUDENT_1908,-0.40717223,-1.5364819,0.29862016,-0.45389795,0.4459009,-0.20823029,-0.37529713,0.017113237,-0.048259005,1.1148851,0.092573516,-0.3091864,0.67920744,-0.100321636,0.20913664,-0.42921188,0.015768962,0.67008406,-0.3273682,-0.9797516
STUDENT_715,1.1219616,1.872388,-0.5434761,-1.0409104,-0.24205187,0.00909921,0.061824642,-1.4429412,0.95180494,-1.199028,0.37390426,0.44536147,-0.721625,1.5318824,-0.6226417,1.5171468,-0.77879363,-0.517832,0.29802543,0.7111617
STUDENT_839,-0.13107611,-0.07817417,0.77100164,0.24426478,-0.17987043,-0.26933533,0.2597321,-1.1371783,-0.74646246,0.86066663,0.15025389,-0.2110857,-0.6079237,-0.73368865,-1.5046322,1.5189414,0.5629905,-0.787705,0.12725568,-0.9623247
STUDENT_293,-0.060606007,0.1246584,-0.067110494,-0.70404077,0.42431024,0.17934051,0.5337541,0.4188739,-0.61513853,-0.44412756,0.57017106,-0.20064455,-0.44411188,-0.3298117,0.49899223,0.31763303,-0.8366987,-0.2480865,0.29762623,-0.47310445
STUDENT_255,-0.37690026,-0.2589831,0.66256917,-0.5358632,0.146772,0.1584274,-0.26163653,-0.034125485,-0.30222288,-0.38459957,0.7894687,-0.08586097,-0.1581109,-0.332295,0.057738535,-0.1768523,-0.004283903,-0.3727146,-0.043466516,-0.680038
STUDENT_445,-0.0526074,-0.78580946,0.848289,-1.4126718,0.4666392,-0.6208744,-0.22215194,-0.434694,-0.691339,1.8970177,0.33736205,-1.3849845,0.3169036,0.0663877,-1.131076,0.36465815,0.0031248797,-0.066736326,-0.1402619,-0.39042655
STUDENT_1917,-1.7633722,-2.61206,0.33247167,-2.741038,0.27451164,-1.8283155,-1.2547786,1.0735704,-0.8499323,1.7778342,0.6859931,-1.2879609,1.2263082,-0.5740268,0.8457396,-1.8820264,-1.042794,0.7344293,-1.002153,-0.36181632
STUDENT_1870,-0.11808984,-0.48743504,0.9883138,0.23199895,-0.60964686,-0.29263502,-0.18423465,-0.17556441,0.4174347,0.02204606,-0.3542018,-0.93447286,0.36676973,-0.3111307,-0.5487901,0.060707003,1.1527753,-0.5523247,0.063956015,0.12990059
STUDENT_94,0.6681187,0.14837916,1.0133432,-0.29062316,0.1523056,0.19896352,-0.0582444,-1.051978,-0.50210446,-0.12203421,1.3634696,-1.073566,-0.7610368,-0.5914006,-0.5919752,0.52588683,0.9840771,-0.34074125,0.8818145,-1.3204297
STUDENT_1927,-1.3703172,-0.7152916,1.2157192,-1.2189406,-0.056472857,0.19629832,0.21772507,0.25948358,0.10581471,1.1264207,-0.48092502,-0.79344213,0.19262531,0.45670456,-0.6372118,0.42324537,-0.37776294,0.22835942,-0.10767937,-1.3148845
STUDENT_406,0.1020464,-0.49694747,0.73730516,-0.008153271,-0.1980931,-0.65912706,-0.060339548,-0.30238324,0.06710691,0.33371115,-0.06702073,-0.4344202,-0.20679538,-1.0651151,0.594189,1.1065266,-0.33333126,-0.18107937,1.3663474,-0.13108529
STUDENT_87,-0.35093728,-0.53216934,0.9451896,-0.49693134,0.08501254,-0.66927636,-0.32136875,-0.570095,0.16976885,0.2929845,-0.06152555,0.5856447,0.3928561,-1.3272513,0.3974671,0.12462836,0.12131733,-0.06952825,0.5840254,-0.26044777
STUDENT_83,-0.05049924,-0.58885133,0.5398735,0.006871123,-0.049301583,0.008882919,0.25328985,0.28552088,-0.31863204,0.007845938,0.3855027,-1.00702,-0.35701022,-0.6189989,0.42853388,0.5284749,-0.31716365,-0.30025014,1.0060722,-0.678614
STUDENT_506,-0.31464186,-1.0888467,0.6152723,-0.24590755,0.48434636,0.14282496,0.39807525,-0.46307066,-0.68655,1.1588633,0.16789171,-0.3871659,0.30871943,0.35736147,-1.2309952,0.40720516,0.13552122,0.40661156,-0.8171217,-0.9529914
STUDENT_567,0.64828634,-0.43381807,1.1829594,-0.12214852,0.09658161,-0.6686038,-1.0236422,-1.1456531,-0.63342667,0.0047412515,1.0342709,-1.5014596,-0.1144638,-0.38813645,-1.2554195,0.47513402,0.7667871,-1.4927105,0.20801279,0.4802641
STUDENT_1104,1.2521894,0.8208493,-2.1022055,0.0334311,0.38932344,0.53770524,-0.6322686,-0.09559235,-0.8432318,-0.26939815,1.46061,-0.40699214,-0.7876615,1.956893,-1.4152852,0.98244643,-0.13451657,0.3062078,-1.6509558,-0.4144663
STUDENT_1831,-0.24827208,-0.3366294,-0.33632672,-1.1580262,0.1361109,0.05779516,-1.3798565,0.24215057,0.84757125,-0.30337393,0.06339896,-0.20158675,0.34674117,2.0328877,-0.08628835,0.8390644,-1.3206029,-0.1509795,-0.80891085,-0.79769975
STUDENT_586,0.0070195086,-0.27431577,0.2767645,0.38514528,0.23440674,0.5349345,0.047011264,-1.3164178,-0.19285524,-0.4107206,0.24685514,0.6311091,0.21799254,-0.2292775,-0.7957798,0.45907223,0.9444448,-0.7532127,-0.3235323,-1.2701534
STUDENT_450,0.085786834,-0.44303364,-0.04107871,1.2079215,-0.5440194,-0.13333145,0.7142278,-0.10123171,-0.3626098,0.10053006,0.17004931,-0.17011209,-0.54383075,-0.2545025,-1.0449212,1.109137,0.600976,0.63626564,-0.2553232,-0.51655513
STUDENT_1684,0.30405235,-0.15597491,-0.8004306,-0.109181985,0.08574626,0.26459742,0.18890646,-0.36692643,-0.69443715,-0.027253032,0.75864553,-0.19112436,-0.004619581,0.11794472,-0.20353323,-0.4220126,0.6443547,0.119615175,-0.4373339,-0.5040432
STUDENT_221,-0.9708682,-0.47490436,0.4664033,-0.6728446,-0.011979733,-0.14787418,0.2773163,0.05001539,-0.27874994,0.23206213,-0.16088828,0.116528586,0.030682253,-0.807631,0.2782304,-0.007426656,-0.18930922,-0.27494326,0.35786787,-0.92973524
STUDENT_1627,-0.075471,-1.0681143,-0.03572513,0.2793919,-0.06272818,-0.4322386,-0.124221124,0.9039386,0.30383077,0.8958096,-0.55865204,-1.1159872,0.02155614,0.61070776,0.13299401,1.5438285,-1.2200925,0.07809902,0.5522284,-0.49530974
STUDENT_397,-0.22115768,-0.36240125,0.5673024,-0.358672,0.39999935,0.32311887,0.43847856,-0.71677446,-1.0179949,0.047332853,0.78671634,-0.04233556,0.11661139,-0.7739465,-0.8930947,-0.11765572,0.5425847,-0.44162044,-0.64013696,-0.7288942
STUDENT_92,-0.09655808,0.5618841,0.2026798,-1.3079169,-0.16792569,-0.3458629,-1.3992643,-0.7653667,0.71320313,-1.0344245,0.72146547,0.7471884,-0.42509803,0.6028631,-0.11556417,1.0456567,-0.9773709,-0.932061,0.08392509,-0.17434745
STUDENT_1655,-0.0022352897,-0.738251,0.54916185,-0.738411,0.5870847,-0.06840006,-0.07686519,0.04151334,0.32009053,0.38117832,-0.115520045,-0.28379732,0.82692695,0.4335109,0.1869584,-0.038058005,-0.7125233,0.20877685,-0.36489832,-0.03632861
STUDENT_1928,0.0914662,-0.8487912,0.40026408,-0.5292902,0.65088177,-0.21496478,-0.8260267,0.51346034,-0.05032845,-0.04100664,-0.2355352,-0.27091938,0.8512255,0.33406392,-0.58117604,0.1988216,0.23638609,0.6156083,0.0012687491,-1.0807532
STUDENT_269,-0.09590055,-1.0164496,0.79271317,0.39730537,-0.2367433,-0.35610056,-1.0123739,-0.6090955,-0.09875293,-0.016750604,-0.13896286,-1.0120165,0.56406343,-0.30393544,-0.66529834,0.7423055,0.69831944,-1.885379,0.076199636,-0.25879306
STUDENT_1344,0.72548586,-1.3049107,0.12169199,0.31661472,0.544857,-0.3855807,-0.250607,-0.8388391,-0.30621633,1.6930192,-0.027902298,-0.6201496,0.50657827,-0.056494456,-0.61127657,0.95640403,0.38449928,0.45655635,0.15172467,-0.7968547
STUDENT_1693,-0.94252545,-0.40402052,0.3063339,-0.7107184,-0.54107726,-0.986166,-0.5552911,-0.38143364,0.7888124,-0.40768814,-1.0984056,0.5978235,0.64157784,0.1324492,-0.13993254,0.3166566,-0.32255188,-0.8586193,-0.5774902,0.9714059
STUDENT_777,0.8741694,-1.1274184,-0.71386945,1.9231296,-0.87338823,-0.95412034,0.029951103,-0.08833182,-0.65957355,0.9322248,-0.6988541,-1.996309,0.18106623,-0.20822994,-1.4000807,1.876331,0.7998764,-1.0255495,0.27643627,0.34583429
STUDENT_1493,0.045358364,0.30066118,-0.05289399,-0.99791086,-0.092613,-0.5444777,-0.5319007,-0.21737406,-0.026327534,0.35901904,0.41384083,0.0974929,0.08711682,-0.31439227,0.394185,-0.39538634,0.35901892,0.17281123,0.16297752,-0.097152255
STUDENT_1088,-0.6654374,-1.1536796,0.019743718,-0.101451315,0.13603884,-0.61919266,0.65750736,0.07711302,-1.3196039,0.2334137,0.62579346,-0.03118382,-0.2836161,-0.89959896,-0.5887183,0.51886445,-0.5796586,0.13068785,-0.44476297,-0.2679737
STUDENT_1834,-0.19340993,-0.7987785,1.112152,-1.3232962,0.3132746,-0.68403816,-0.45718935,0.10724557,0.30111644,1.175092,0.06624255,-0.539688,0.7155584,-0.38845155,0.28999984,-0.024725609,-0.4367645,0.78658706,0.20744254,-0.012629892
STUDENT_43,0.10425575,-0.29075545,-0.25663477,-0.7135445,1.0106639,-0.33723384,0.13081342,0.27533102,-1.8537512,-0.8024625,1.4289184,-0.20133932,-0.06268199,-0.67179525,-1.0427802,-0.0031609153,-0.035851672,-0.025922395,-0.3960512,-0.3601413
STUDENT_1259,2.2968686,0.48167366,-0.11661081,0.88271344,0.23609492,-1.4283361,1.9676523,-0.9477935,0.48760107,0.07748337,0.59907913,2.2162743,-1.511402,1.1707116,-1.867635,-1.8290223,0.22055325,-0.30037877,-0.11468654,-2.1571708
STUDENT_190,-0.7360958,-0.45680866,0.6405083,-0.42977116,0.027670715,-0.27295047,-0.09043718,0.03349036,-0.038928695,-0.38857228,0.019473426,0.20407906,0.07265064,-0.4085545,0.21855652,0.18909016,-0.5216929,-0.55482954,0.07297896,-0.042805385
STUDENT_228,-0.68342227,-0.7431455,1.1600381,0.02002095,-0.14391966,-0.28262475,0.09531934,-0.1856899,0.35475472,-0.38625562,-0.34079874,0.19483644,0.35271582,-0.85930145,0.37101093,0.22717287,-0.020227415,-0.29794827,0.43325907,-0.05955557
STUDENT_641,0.26780465,-0.14256988,-0.3423611,0.45707732,-0.07411732,-0.02821021,1.020649,-0.17642336,-0.8046006,0.2509036,0.4646276,-0.3461576,-0.2851422,-0.19462727,-0.8720262,0.42996442,0.47711122,0.4663171,-0.37212887,-0.29779384
STUDENT_1100,0.5786086,0.5358901,-0.98597366,-0.6405367,0.18172744,-1.1565071,0.6584589,1.8867699,-1.2251606,-0.67370886,0.14644915,-1.5272493,-0.6629133,0.11920136,-0.20261547,1.3492515,-1.1697445,0.60923165,1.1736633,0.20667224
STUDENT_1752,1.3363668,-1.4029679,-0.44079006,0.1827723,1.3276109,0.9301489,0.14442018,-0.9881548,-0.7721118,0.7225877,0.6770562,-1.2970878,1.0107903,0.47624835,-0.18911445,-0.26504457,0.99037534,0.17873043,-0.27539507,-1.4264232
STUDENT_116,-0.318718,-1.0551994,0.4101225,0.047402162,0.082362175,-0.56531125,-0.10413692,-0.29704428,-0.3644769,0.34711123,-0.38084698,-0.16991232,0.543267,-1.1083081,0.047118895,0.35687178,-0.016565183,-0.78709286,0.26413462,-0.10522752
STUDENT_362,0.11501984,-0.59357715,0.44242233,-0.296724,-0.13230053,-0.9602293,-0.5148365,-0.2535807,-0.2522768,0.20752019,0.23660967,-0.3241574,-0.15971018,-0.7533679,0.47070873,1.040971,-0.7447203,-0.47273433,0.96535116,0.31407595
STUDENT_257,-0.6891905,-0.52432936,0.80558515,-0.6068999,0.20075698,-0.15082477,0.49894074,-0.33001274,0.0833428,-0.59331393,0.2927149,0.7323483,0.20796412,-0.77595097,0.3874362,-0.52188903,-0.008025741,0.29523447,-0.12598526,-0.24656558
STUDENT_1223,0.391875,0.5304533,-0.041856885,0.4962292,-0.15916939,0.2830577,0.74377096,-0.7964019,-0.57655627,-0.020396888,0.18485063,-0.030952144,-0.30116504,0.47266456,-1.8344566,0.8424312,0.7142281,-0.12825464,-0.80607647,-0.17663804
STUDENT_1618,-0.28501666,-0.70149463,0.88292277,0.16315448,0.25398895,0.27177218,0.60273767,-0.53284925,0.047886744,0.987289,-0.6629891,-0.09896292,0.42162713,0.45495847,-1.0691528,0.75179857,0.046665132,0.35087422,-0.39644268,-0.9329397
STUDENT_1518,0.9125001,0.25482956,1.2462499,-0.82477176,0.41037032,-0.045404665,-0.22368166,-1.0056504,0.11759412,1.419596,0.6552025,-1.4651144,-0.12720309,0.25072408,-0.5009147,1.0946608,0.40315473,0.586665,1.1367188,-1.190175
STUDENT_185,-0.5315259,-0.74757206,0.43593735,0.24305214,-0.030552339,-0.18336895,0.21873888,-0.43488497,-0.1932547,0.059429094,-0.12376644,0.4908589,0.11845346,-0.8608908,-0.06915963,0.23684886,0.21434657,-0.10688835,0.20421794,-0.8890644
STUDENT_1487,0.7198791,0.83737075,0.8627901,0.44100413,-0.6737569,0.049778022,0.5501213,-0.9334656,0.77999604,0.061774217,-0.39253157,-0.6466663,-0.5578296,-0.13618237,-0.29002675,1.2954872,0.8414611,-0.11418998,1.3586481,-0.46865463
STUDENT_8,1.4619988,-0.7744379,-0.9260864,1.5692492,-0.77082705,-0.83869004,0.29159892,-1.1068684,-0.83586144,-0.60539657,1.7432723,0.19157149,-0.4027044,0.13612585,-1.0404904,1.4513993,1.0013648,1.3215523,-0.20527145,-0.10208244
STUDENT_25,0.92012525,0.3785177,-1.2376432,-0.46550673,0.7014304,-0.010717815,0.7614877,-0.6164627,-1.1383809,1.98719,0.1653688,-0.9724249,-0.78076386,-0.19462603,-1.0595508,0.9770477,0.72589487,0.08812242,-0.187316,-1.0148555
STUDENT_29,-0.30102393,0.080374226,0.45683777,-0.12813543,0.055684354,-0.41813156,0.32873097,0.18327427,0.49909177,0.71570045,-0.9511878,-0.10917117,-0.27325445,0.28434747,-1.0019016,0.98862785,-0.400717,0.058644496,-0.94164467,0.7974657
STUDENT_32,1.7047416,0.5553933,-0.55830956,0.7661135,0.6155045,1.254364,0.6604376,-0.9584964,-1.0948929,0.21463668,1.5126852,-1.0236268,-0.6837425,0.9246539,-2.401143,0.52566266,1.5297918,0.6854487,-1.6945561,-0.73417455
STUDENT_34,0.4082392,0.003786264,0.040639333,-0.9810465,0.6883494,-0.057102747,0.7448343,0.22975619,0.24561311,0.49771744,-0.48086554,-0.3403319,0.40445143,-0.48737586,0.49973357,-0.21808176,-0.5520484,0.41608697,-0.37290367,0.9973667
STUDENT_42,1.9704463,1.3566895,-1.5142817,-0.59016335,0.9064637,-0.38322887,-1.4881766,-0.19973448,-0.6208172,-0.053688705,0.4975418,-0.7389429,-0.3927001,1.4048057,-1.6436676,1.2729554,0.11020592,-0.1382242,-0.19558015,0.5102376
STUDENT_82,0.9510398,-0.18296863,0.2176602,0.55844617,0.29876366,1.1554824,0.77133846,-1.5559404,-0.59202576,-0.63857955,1.4009221,-0.20092477,-0.41632724,-0.41419977,-0.7155925,0.30322665,1.685559,0.11583203,0.07227461,-2.0972283
STUDENT_89,-0.6338534,-0.18875156,-0.8236026,-0.93802625,-0.44088688,-0.31751037,-1.2662504,0.1987617,0.22414483,-1.1310389,0.22429699,0.6029559,-0.1735777,0.68106014,0.47266406,0.7621655,-1.3382704,-0.8097887,0.026313435,-1.0400957
STUDENT_90,0.0028351657,0.3645934,-0.059226677,-0.94160384,0.1653997,-0.33715668,-0.20607287,-0.07718149,-0.36056253,0.5733851,0.40378198,-0.5815507,-0.5021461,-0.56143486,0.72802186,0.79355687,-0.48040703,-0.66680354,1.1935407,-1.0493782
STUDENT_99,1.8119227,0.42400974,-0.20951702,1.4183797,-0.36898616,0.87682813,-0.4162234,-2.083341,-0.6339445,-0.1458118,0.93345714,-2.0467932,-1.1489228,0.3624744,-1.9011359,2.437421,2.1322145,-1.7775995,1.1890076,-2.4338923
STUDENT_195,1.6641747,-0.71513855,-1.114021,0.6254988,0.83742,0.6830931,0.65736604,-0.65256304,-1.3861372,0.5941451,1.4618841,-0.9753989,-0.22433613,0.11837302,-1.0016925,-0.3700223,1.4206294,1.1422435,-1.1916801,-0.6499787
STUDENT_300,2.1542108,-0.5480497,-1.9206723,1.2204411,0.094687134,-0.35027075,-0.1838505,-1.433081,-1.2166411,0.483244,1.0074792,-1.2285975,0.12247236,0.24774338,-0.61118555,0.7620805,1.4386215,-0.35078058,0.44169933,-0.35923603
STUDENT_318,-0.9946248,-0.6638956,1.0164583,-0.28705412,-0.47729233,-0.38154823,0.020800851,0.42517865,0.011005627,0.17121565,-0.26149032,-0.81401575,-0.111996874,-0.6541585,0.129696,0.8210787,-0.37189505,-0.7055817,0.74246264,-0.43595293
STUDENT_321,0.04215016,-0.7459693,1.5336856,-0.4256566,-0.20781781,-0.93765277,-1.0325514,-0.8202454,-0.09960987,0.66392726,0.2686328,-1.3119452,0.32037154,-1.0283536,-0.52112424,0.4023762,0.79265803,-1.315152,0.5994693,0.028056342
STUDENT_322,0.3957028,-0.772882,0.7078388,-0.005106371,0.26512763,-0.09490663,-0.0730105,-0.03493239,-0.2917383,-0.28835982,0.74978286,-0.98027647,0.09411816,-0.6847414,0.6193213,-0.1937509,0.22874624,-0.35320857,0.8413343,-0.26403993
STUDENT_332,-0.5249114,-0.3241747,1.2663163,0.08180917,-0.22261666,-0.4563458,-0.06826355,-1.0833987,0.25240406,0.22423907,-0.29181996,0.84071285,0.13921036,-1.0950516,-0.51043785,0.79733336,0.45099258,-0.33783647,0.34692618,-0.57577056
STUDENT_556,1.265935,0.7721163,0.15036453,0.18750311,-0.32465976,-0.61910003,0.7018344,-1.6153405,-0.5474116,0.4769039,1.5096378,0.18365507,-0.8576933,-0.22914042,-1.2411765,1.2329302,1.3689153,1.10813,0.3177243,-0.6270794
STUDENT_575,0.5339171,-0.5227657,-0.2695089,0.33236548,-0.006976608,-0.036363073,0.59027284,-0.23884627,-0.8846093,0.017907888,0.990844,-0.53983116,-0.05797593,-0.26189432,-0.6031195,-0.3566466,0.7547098,0.5250935,-0.46953565,-0.21216115
STUDENT_589,1.2127651,-0.50203145,-0.69711816,0.13869993,0.51830953,0.14028832,0.19290364,0.20372224,-0.95822453,1.2992685,0.13231692,-2.3175755,-0.28076383,-0.07493143,-1.0058752,0.53857416,0.68956774,-0.27028662,-0.41608843,-0.09335106
STUDENT_590,0.68086356,-0.7966536,-0.02669806,0.33879128,0.39134756,-0.4906466,-0.14308137,-0.3059402,-0.08067271,1.2688198,-0.9112784,-0.6146739,0.6465773,-0.5919215,-0.76460963,0.18253377,0.6444121,-0.06547544,-0.78831655,0.6939806
STUDENT_591,-1.9406679,-4.147621,0.44495618,-0.6746825,-1.1040996,-4.1060314,-1.7334187,1.6572001,-0.28080264,2.1472223,-0.260633,-1.2515483,0.95044345,-1.2761686,-0.70702493,-0.011407799,-1.0886421,0.40561995,-1.7847985,2.0994556
STUDENT_593,0.6870427,-0.2251954,-1.1830732,0.6446645,-0.38212305,-0.35198006,0.10363915,0.29930896,-0.51721394,0.39866948,-0.1614697,-1.4825149,-0.17209528,0.2682348,-0.25110793,1.1834699,0.0101189185,-0.7604522,0.6827652,-0.2336493
STUDENT_600,0.5145325,-0.009370731,0.7445594,-0.41802165,0.91863984,-0.57960516,0.26543707,0.27843174,-0.3072736,0.056579083,-0.43518162,-0.36037514,0.5641369,-0.41964018,-1.3418419,-0.07478104,0.58584017,0.5494005,-0.7148182,0.90726763
STUDENT_601,1.8311956,-0.9398881,-1.5080795,1.2801641,-0.3526751,-0.45040137,-0.57001865,0.11310792,-1.3865025,0.10840869,1.1733514,-2.9754376,-0.091652796,0.41853136,-1.1114068,0.6567118,1.0529892,-0.81257164,0.36254814,-0.31842005
STUDENT_602,0.7611652,0.330686,-0.15564355,-0.57043326,0.14560296,-0.22488028,0.65462077,-0.72710955,-0.71820617,0.34879047,0.9848125,-0.20754214,-0.13700767,-0.43781003,-0.2646821,-0.19235419,0.7746832,0.5584257,0.08530378,-0.04415876
STUDENT_651,0.9143978,1.6080654,-0.5643467,-0.89784014,0.11089292,-0.2996847,-0.5757157,-0.14834878,0.6534259,-0.03949794,0.317,0.054465767,-0.94897807,1.6011653,-1.1021006,1.7421651,-1.1321856,0.15815671,-0.6022013,0.5243132
STUDENT_791,1.449785,0.13073306,-0.24302574,0.39660823,0.78691167,0.81301236,-0.22470996,-1.7522068,-1.1678843,0.57690805,2.2716029,-0.44907194,-0.23746769,1.5925145,-2.4863865,1.1243814,1.031953,0.66103655,-1.4103822,-1.3448886
STUDENT_813,0.855703,0.4990046,-0.15286592,-0.5593494,0.080747455,-0.18040138,-0.20093384,-1.0398179,-1.2951411,0.6104698,1.5774286,-1.3497473,-0.33280656,0.09650652,-1.6616929,-0.03929217,1.1140263,-0.39471543,-0.6600732,0.13201912
STUDENT_814,0.89838946,0.076909155,-1.3355078,0.119211696,-0.02334312,-0.05000531,0.37290946,0.38942513,-1.1087043,0.31868353,0.4778392,-2.0766354,-0.40858728,0.39948797,-0.5565377,0.82827127,0.08284411,-0.7645615,0.5020389,-0.38917634
STUDENT_815,0.86236024,-0.14457382,-0.56257117,-0.37687543,1.2361327,-0.9862567,-0.16889098,0.9835286,-1.0226672,0.26719052,-1.2851404,-0.72693914,0.6587162,-0.82817113,-1.334054,0.6236437,0.9046069,0.5131647,0.18419036,0.15309143
STUDENT_818,0.084859654,0.050907835,-0.14634714,0.5130762,-0.27854607,0.028124737,0.27811235,-0.39201838,-0.81446004,0.1277332,0.63216674,-0.20976873,-0.23674026,0.30307,-1.7561772,0.50936717,0.6790615,-0.031219944,-1.0510895,-0.2353004
STUDENT_826,-0.41507268,-0.6384664,0.8944579,-0.51821625,0.63294,0.14961025,1.0971963,-0.47683764,-0.4391702,0.5375613,0.35365936,0.21100655,0.18814452,0.45469812,-1.2303808,0.19331099,-0.26909456,1.0678366,-1.034145,-0.6661385
STUDENT_827,0.27654758,-0.5005362,0.35773444,-0.35292876,0.8351238,0.27755222,0.5228351,-0.14072803,-0.1758164,0.40852678,0.18235001,-0.35977525,0.2776332,0.8622205,-0.51127243,0.38159013,-0.78495556,0.2653479,-0.4032633,-0.2945632
STUDENT_866,0.032516677,-0.2452315,1.0709641,-0.3701205,0.4344501,-0.096072406,0.45053077,-0.8696049,-0.07233177,1.3801792,-0.1424231,-0.0682295,0.21964206,0.19055197,-1.2200687,0.82460237,0.09202361,0.5244244,-0.1554291,-0.63084185
STUDENT_869,-0.3288524,0.25988173,0.5465753,-1.0455477,0.19642869,-0.4882043,-0.9062759,-0.4923141,0.74149585,0.7177761,-0.08359233,0.1205256,-0.019942684,1.6438695,-1.2490318,1.3872187,-0.98120356,-0.22774982,-0.6895575,-0.28642938
STUDENT_872,1.3030198,-0.5297763,0.038495004,-0.38953832,0.89897054,-0.163818,-0.68585396,-0.81238693,-0.098660246,1.3951523,-0.10096557,-1.635374,0.831987,0.6340959,-0.35560822,0.91551715,0.1408349,-0.67187184,0.436926,-0.11959637
STUDENT_886,1.8139875,-0.6929598,0.16343272,1.1753088,0.3753874,-0.108620696,-0.29721585,-1.1585041,0.2761314,1.674928,-1.1360948,-1.9941716,0.78864837,0.330611,-0.8355266,2.218957,0.76573485,-0.77647203,0.98110336,-0.66514754
STUDENT_895,-0.053741988,0.18746795,-0.4549219,-0.46261147,-0.1564686,-0.28198153,-0.11928337,0.081328295,-0.10863736,-0.30787843,0.022490375,0.10417281,-0.027106477,0.4034141,-0.0672084,-0.029694453,-0.38439688,-0.18748026,-0.29789066,0.247411
STUDENT_898,0.87949616,-0.2023927,0.16395806,0.9321077,-0.8158939,-0.7787564,0.38254264,-0.4324597,0.13817109,0.19166636,0.013309963,-0.69999987,-0.41993704,-0.3780775,-0.019411234,1.4251251,0.3232648,0.58440274,1.0956827,0.3085622
STUDENT_900,-0.7868224,-1.5819188,0.23811157,-0.9424699,0.50472957,-0.9435917,0.012851417,0.20153533,-0.049632415,1.1819189,-0.64439034,-0.05328932,1.0137401,-0.40643516,0.20639549,-0.06265084,-0.9108029,0.62989676,-0.38176504,-0.03166889
STUDENT_901,0.88677543,0.85948586,-0.49663502,-0.95315325,-0.20975688,-0.4630527,-0.8471921,-0.91756934,0.15862276,-0.11068904,0.40051067,-0.5100998,-0.10716094,0.827236,-0.2241595,0.44568038,-0.15755406,-0.9371545,0.3906907,0.7036094
STUDENT_903,0.23726954,-0.94259083,-0.21805514,-0.61237293,1.0239195,0.41874588,0.8273642,-0.3412304,-1.217838,0.97692204,0.8051561,-0.71600705,0.19955474,0.34522018,-0.72592187,0.09964818,-0.21226433,0.60730857,-0.61799395,-1.0414734
STUDENT_904,-0.86899453,-0.54556394,0.92093045,-0.89706266,0.3583583,-0.0067174267,0.42833942,-0.21265495,0.28885686,0.26985234,0.13223657,0.3583285,0.24441244,0.8336928,-0.89619845,0.17759243,-0.85015553,0.75156915,-1.1983206,-0.3866222
STUDENT_909,0.01733761,0.07124098,0.22349618,-0.8631842,0.086973846,-0.5091945,-1.412345,-0.77902275,0.9388817,0.33796698,0.13898146,0.3946066,0.11216782,2.0002694,-1.3764513,1.5737882,-0.94534767,-0.35486567,-0.8920607,-0.19487523
STUDENT_910,1.1535399,0.6816683,-0.5064,-1.0625558,0.5853183,-0.42501205,-1.5367918,-1.2328054,0.29255363,0.42128542,1.4065565,0.5936392,-0.15319712,1.7965673,-1.0048642,1.4455414,-0.66911703,0.39313817,-0.29759023,-0.6924808
STUDENT_912,1.5463418,0.14492194,-0.31592947,0.8410273,0.780938,0.98645973,1.0345459,-1.1252257,0.675441,0.10057403,-0.70792454,-0.54034185,0.46843648,1.2187338,-0.045679495,1.5214994,-0.03202316,-0.16005464,0.85048765,-1.1441648
STUDENT_913,0.5667721,-0.84447867,0.17542532,0.62961257,0.6937131,0.62849057,0.8038007,-0.7237132,-0.26447633,0.7049199,-0.020702414,-0.103370786,0.3469107,0.40498596,-0.74095225,0.6529061,0.3258812,0.70031154,-0.2573982,-1.285499
STUDENT_914,-0.5500308,0.21160945,0.72448564,-1.1595591,-0.1960558,-0.6348948,0.3868926,-0.474677,-0.08616288,0.8349926,-0.03879288,-0.020735353,0.09996392,-0.61870676,-0.4841423,0.0056329602,0.18318848,-0.016285349,-0.07166315,0.42337865
STUDENT_915,-0.36822215,-0.07459034,-0.04289989,0.38268474,-0.23925187,-0.21883595,0.3915883,-0.5875567,0.001358917,-0.16059849,0.18303663,1.1741655,-0.08821805,0.21581586,-1.1233418,0.29690674,0.57157314,0.62248844,-1.0691993,-0.36256775
STUDENT_921,-0.5604234,-0.44057345,0.009957612,-1.0875539,0.5738729,0.11625226,0.50837666,0.21953562,-0.33819103,0.9365514,-0.29010406,-0.45817387,0.061511863,0.8322624,-0.24384916,0.6712562,-1.0793712,0.16841735,-0.2429725,-0.8171226
STUDENT_935,0.79668397,0.15703388,0.64410627,-0.57386905,0.9736386,0.24579465,1.2762837,-1.0028802,-0.2362468,0.35211104,1.1621159,0.37022057,-0.20662904,0.4584062,-0.89844346,0.58174306,0.033852756,1.5537859,-0.24958496,-0.9354097
STUDENT_958,1.0286127,-0.18722658,-1.776397,-0.12625085,0.4619296,-0.22323462,-1.1804242,-0.6888372,-1.0048356,2.0017166,0.11680668,-2.4065087,-0.49720386,2.1291473,-1.8456384,2.6142216,-0.11204806,-1.7993577,0.18978594,-1.4766735
STUDENT_979,1.3704722,-0.43325835,-0.9857919,1.1993874,0.47993544,0.8051243,0.31350973,-0.65813416,-0.57317847,-0.29503173,1.3618228,-0.37807986,-0.22675417,1.6557609,-1.0997894,1.6144993,-0.01521006,1.0610716,-0.4718619,-1.5173389
STUDENT_982,0.9083075,1.0105448,0.44716102,-1.2288516,0.4240029,0.4768909,-1.0247753,-1.3400313,0.60003555,-0.78808624,1.0238818,-0.52337265,-0.3814407,0.48429608,0.20545553,0.52220213,0.12331903,-1.5044048,0.69526887,-0.24102522
STUDENT_983,0.5379141,-0.2889904,-0.19704819,-0.31970903,0.45022848,-0.70986545,0.07952828,-0.2758572,-0.013588322,1.3481297,-0.16942081,0.08075435,0.14032356,-0.8197565,-0.14562252,0.092020325,-0.021261571,0.98852783,-0.22269017,0.5007693
STUDENT_992,0.0022463985,-0.38396502,0.18981029,-0.1045858,0.36023688,-0.28824398,0.3626248,-0.10383637,-0.092905164,1.1571515,-0.6448152,-0.035819937,0.105738655,-0.40496367,-0.81680983,0.019107364,0.20179562,0.38589853,-0.94662577,0.38566938
STUDENT_993,0.718454,0.701897,0.2124711,-1.0630163,0.70518607,0.10511538,0.67956686,-0.677392,-0.44222945,1.2398591,0.3879955,-0.52951705,-0.4433469,-0.16078933,-1.1699977,0.12066803,0.7051571,0.51122,-0.5770629,-0.028458294
STUDENT_1013,1.7686111,-0.063735195,-1.874496,0.46249703,0.3622597,-0.7624288,-0.33056888,-0.32698575,-0.19241251,1.9519627,-0.9929831,-1.6780126,0.07842365,0.07002632,-0.13411215,1.7941446,0.20913514,-0.98248225,0.9673619,-0.113001205
STUDENT_1015,-0.63748085,-1.0517251,1.2498869,-0.13110967,-0.18219596,-0.35408935,-0.066795014,-0.043339342,-0.2123826,-0.3418103,0.7432275,-0.29833546,-0.0020856685,-0.67903113,-0.008526398,-0.20322387,0.17749053,-0.045616828,0.08428394,-0.22386567
STUDENT_1017,1.0153899,0.982631,-0.25104856,-0.6704731,0.1870679,0.4634507,0.33351383,0.16714117,-0.8844291,-0.9442591,2.0235085,-1.1822082,-0.7136574,0.8863945,-0.99892783,-0.20541884,0.022920104,0.19691433,-0.7002344,0.06172468
STUDENT_1022,-0.744256,-0.7349077,-0.3289621,-0.22790222,0.16496864,-1.3427812,0.122993745,0.3061708,0.7613812,0.29407957,-0.921319,1.058012,0.36663064,-0.36450186,0.08799874,0.25301152,-0.78297496,1.0708872,-0.93629754,0.9114435
STUDENT_1023,0.77422565,1.096178,0.44179016,-0.66294557,0.561585,0.5764802,0.43339536,-0.43443093,0.7003727,-0.27168503,-0.4023145,-0.2606768,-0.3036689,0.9482335,-0.87903714,0.68269145,0.007013174,-0.17915493,-0.93165994,0.72624165
STUDENT_1024,0.107092515,0.28959566,0.13586774,-0.11885255,0.3001329,0.10486654,0.3306612,-0.048073858,0.030117335,0.78895265,-0.4737069,-0.22591396,-0.3731923,0.3980646,-1.2013834,0.60764843,0.07563087,0.13270192,-0.99907774,0.22794239
STUDENT_1026,-0.7314802,-0.5442872,0.2828641,-0.033420283,0.18745875,-0.69335794,0.6524148,0.114242494,0.13178624,0.8417862,-0.55357385,0.64023536,-0.05659272,-0.28663123,-0.9779291,0.17004016,-0.21042824,1.1738342,-1.2637974,0.35517853
STUDENT_1027,-0.50412583,-0.6948298,0.067371316,0.19541003,0.30577436,0.07827744,0.92293686,-0.9724602,-1.4942403,0.16826928,1.1938932,0.80682003,-0.10276653,-0.66998255,-1.4917505,0.3549025,0.65564424,0.28525114,-1.1577969,-1.2633808
STUDENT_1028,0.7554947,-0.08385783,-0.0075274035,-0.12113863,0.70535105,0.5064347,0.66931903,-0.4771164,-0.68367714,0.80301607,0.3362071,-0.6621214,-0.18369009,-0.07968664,-1.1795074,-0.16304058,0.8445277,0.4671938,-1.1152015,-0.077747084
STUDENT_1029,0.66733325,0.28718054,0.53045374,0.012585174,0.4797165,0.3922503,0.8068971,-0.35224706,0.03085892,0.5652971,-0.32701063,-0.46217966,-0.1686181,0.042336393,-1.1578988,0.13763449,0.6085066,0.4404621,-0.8043547,0.27872244
STUDENT_1030,1.55056,0.671263,-0.2647107,-0.4762265,0.93095404,-0.66509855,0.027525015,-0.090197176,-0.18808024,1.190846,-1.4977697,-1.2931688,0.51809746,-0.5486848,-0.72222686,1.2544832,0.75185335,-0.18366548,0.9015613,0.37914625
STUDENT_1032,1.186346,-0.13782784,-0.8569672,0.48729637,0.053039487,0.18186396,1.3150218,-0.35921478,-0.92336965,-0.4407609,1.0679144,-0.4981761,-0.33125064,-0.10192034,-0.26603386,0.16463867,0.71328807,0.8226481,0.12964892,-0.4776786
STUDENT_1033,0.7157391,0.9127846,0.77826583,-1.242529,0.69789153,0.601191,0.59646165,0.10347167,-0.0832264,-0.15116301,0.856863,-1.2705084,-0.31528062,0.56745344,-0.99277365,-0.32884285,0.10450721,0.14145009,-1.031405,0.80134386
STUDENT_1034,0.024193633,-0.092846945,-0.06716794,0.25846013,-0.25415215,-0.10817591,0.6035633,-0.44405264,-0.64915156,0.8108997,-0.53180474,-0.5593943,0.14047603,-0.32103688,-1.2131474,0.5193304,0.81557846,-0.6125304,-0.40213865,-0.15812348
STUDENT_1035,-0.19396156,0.12193233,0.28146517,0.40431878,-0.17170554,-0.009164443,0.8793207,-0.48113176,-0.4238464,0.45239657,-0.4410661,0.05895343,-0.08136356,-0.17256747,-1.2495011,0.63824075,0.60913515,-0.038998686,-0.5018915,-0.12845553
STUDENT_1036,2.3751462,0.7210314,-1.291654,0.7172607,-0.355387,-0.040763684,-0.021317832,-0.8799382,-0.9326345,0.62543875,0.4503742,-3.5193071,-0.6722638,0.70253986,-1.2075591,2.1210027,1.0214943,-1.6701468,1.5900861,-0.45477477
STUDENT_1037,0.23598148,0.21389158,-0.8986789,0.15044457,-0.20987478,-0.23063534,0.8133522,0.5761358,-0.7996375,-0.21993552,0.73050797,-0.5778943,-0.88552594,0.24674024,-0.43097973,0.98937684,-0.36021775,0.63451463,-0.009729448,-0.43223536
STUDENT_1041,0.32763103,-0.6234452,-0.04970308,-0.163094,0.4736646,-0.35339433,0.28422752,0.26023567,0.0028626565,0.7305738,-0.19058496,-0.28426152,0.15431954,-0.57992864,-0.09607219,-0.28700194,-0.07067263,0.75843996,-0.57932,0.66465193
STUDENT_1044,1.5363618,0.6626455,0.5012769,-0.20040648,0.7149751,0.71654654,1.1662619,-0.17469168,0.055107728,-0.27146846,0.46986437,-0.9464165,-0.3923233,0.32661563,-0.6479471,0.028080992,0.43722424,0.67506015,-0.320967,0.38614058
STUDENT_1045,0.96121603,0.07654173,-0.16221063,-0.07578998,0.13961369,0.04548908,0.678177,-0.20948625,-0.5827517,0.29147768,-0.060117334,-1.9090369,0.43144718,-0.1761628,-0.47850126,0.18711811,0.62602043,-0.8979117,0.37377587,0.52082545
STUDENT_1074,0.025963623,-0.50993824,0.5807588,-0.047863778,0.59216195,0.32050902,1.0791153,-0.25954112,-0.047766775,0.7362557,-0.327457,-0.34354162,0.100606084,0.48139638,-0.6623324,0.8866223,-0.57938313,0.48342308,-0.02255455,-0.6268961
STUDENT_1075,0.77256274,-0.5493944,-0.20076776,0.20141198,0.9157867,0.89256257,0.36775547,-0.44515783,-0.95530534,0.37755567,1.2401881,-0.739014,-0.028027756,1.0421634,-1.2230581,0.5752918,0.061494887,0.75388694,-0.88404745,-1.2739898
STUDENT_1076,0.7363233,-1.4052927,0.26287633,-0.16681875,0.75946516,0.17722139,-0.24838856,-0.47435045,-1.1149335,1.4351254,0.3692642,-2.329867,0.7919399,0.4227277,-1.4745114,0.39124018,0.7462284,-0.6988713,-0.7297227,-0.39832434
STUDENT_1077,-0.11735161,-0.7547755,0.46947503,0.5121422,0.5350484,0.34146905,1.1248597,-0.99357903,-0.3316692,0.88644624,-0.023406364,0.80681455,0.25983417,0.55354744,-1.5655987,0.6252701,0.33229366,1.1425557,-1.0813096,-1.3905474
STUDENT_1078,0.24656321,-0.66353536,0.062543154,-0.2288325,0.87704855,0.54741615,0.9819471,-0.43293053,-0.688658,0.90216506,0.26315302,-0.45052674,0.13053341,0.4872474,-0.77323663,0.53395313,-0.16035363,0.52065533,-0.34901813,-1.1089519
STUDENT_1081,1.0603017,-0.6014359,0.3294894,-0.53758115,0.9827488,0.17030069,-0.17376062,-0.18913811,0.0031354856,0.64713776,-0.18659624,-2.1684875,1.0699399,0.8195982,-0.12357576,0.6017821,-0.33717516,-0.94852716,0.114955425,0.5258003
STUDENT_1083,0.3278568,-0.40883154,0.57005847,-0.97052306,1.1648467,0.7659253,0.8329754,-0.75592667,-0.7889627,0.7472459,0.48892438,-0.71844065,0.5957673,0.45071337,-0.9422109,-0.22481322,0.13802372,0.16731544,-0.7811912,-0.6726579
STUDENT_1084,1.2661442,-1.0718021,0.31932807,-0.47230014,1.1063482,0.2766363,0.0100455955,-0.09262404,-0.9063854,0.9210761,0.69475126,-2.7015316,0.73206604,0.37543303,-0.6362852,0.038256876,0.15026057,-0.45805806,-0.042916328,-0.0603366
STUDENT_1085,0.24050511,-0.5403253,0.5344519,-1.1235027,0.99870986,0.37691507,0.94172156,-0.07626172,-0.4529555,0.48290557,0.35137218,-0.7846354,0.45785323,0.33104613,-0.16565418,-0.18689299,-0.69604284,0.4350007,-0.18433738,-0.25962427
STUDENT_1107,0.5032521,-0.0016501602,0.47918415,0.0667041,-0.40290105,-1.1108304,0.16777936,-1.0295631,-0.060545594,1.2397885,-1.1065453,-0.8805218,0.39797604,-0.62926275,-0.96091866,1.2587668,0.6071678,-1.0308381,0.33503708,1.0368341
STUDENT_1111,-0.6188898,-0.7709604,0.028690413,-0.013086598,-0.03829897,-0.9810606,0.5741408,0.8213735,0.1578664,1.1287205,-0.89990854,-0.2633376,-0.21108957,-0.48034936,-0.36705136,0.91968745,-0.8402232,0.7381299,-0.48833993,0.68650717
STUDENT_1112,0.6029661,-0.9638808,-0.79505837,1.2721075,-0.47620532,-0.56938714,-0.15792814,-0.2994533,-0.60047245,0.1296812,0.110582896,-0.4920929,0.3842103,0.021493074,-0.90337527,0.66057557,0.616421,-0.19714667,-0.45119855,0.34723803
STUDENT_1117,2.4006119,1.1675221,-0.7576929,-0.8017191,0.39426944,0.64323986,-0.06896316,-1.3681432,-0.3298225,-2.4014401,2.4677799,-0.7530957,-0.28696594,1.6307888,-0.8606046,-0.19055799,0.28682774,-0.024047695,-0.8686568,1.2141143
STUDENT_1120,2.4089475,0.8174319,-0.8487227,1.2269635,-0.23791209,1.050062,0.97262216,-1.9889207,-0.31965208,-1.709621,1.2641783,-0.35558486,-0.5291272,1.3959552,-1.844992,1.3773603,1.5919878,0.51189035,-0.42475402,-0.31544796
STUDENT_1122,0.076997474,0.0056503695,-0.42776227,-0.70566374,0.575622,-0.3617517,0.43596047,0.2692532,0.005075814,0.11041185,0.13781565,0.42905378,-0.20547415,-0.01881,-0.110802576,-0.33580023,-0.60549617,1.3371304,-1.1165456,0.43630376
STUDENT_1123,-0.094969496,-0.40021867,-0.023573682,-0.37153706,0.45198032,-0.28437498,0.45595452,-0.046305522,-0.40324244,1.3352053,-0.5033702,-0.110057205,-0.036481097,-0.40796936,-0.8675729,0.010988199,0.12485798,0.3830399,-1.0235275,0.24680643
STUDENT_1124,0.7058071,0.48668557,-0.04376483,-0.001598574,0.19979896,0.35063893,1.426258,-0.3099056,-0.71260434,-0.14787479,0.6861862,-0.58114684,-0.37583894,0.021764766,-0.85929734,0.14605324,0.5184848,0.326093,-0.19733603,-0.18110956
STUDENT_1125,1.2258124,1.3775761,-1.3835365,-1.546442,0.9907394,0.99949646,-0.724055,-0.5601286,-0.42649248,0.030816719,0.34270817,-1.5537474,-0.11526857,1.864883,-0.9172765,0.25674075,0.08206996,-1.193929,-1.2300663,0.46273908
STUDENT_1127,0.3509535,0.42333516,-0.9162282,0.06516815,-0.8073365,-0.79892576,-1.5060837,-0.87215775,-0.5579239,0.2490648,0.8407645,-0.28764343,-0.8112667,1.4793999,-2.3817544,1.8061154,-0.13305032,-1.0072484,-0.7170654,0.057067502
STUDENT_1137,0.33316413,0.49291646,-0.3999225,-0.6315039,0.729531,-0.07850439,0.71223116,-0.065022424,0.5077193,0.5545921,-1.284152,0.3026502,0.29431817,-0.011028719,0.2184321,0.52181846,-0.7691496,0.016132426,-0.31936827,0.6222021
STUDENT_1140,-0.15304555,-0.8836106,-0.86924636,-0.15412687,0.28094885,-1.0652457,0.21479407,0.5387605,-0.16157408,1.8659253,-1.637675,-0.34860545,0.32072666,-0.87402594,-0.11631855,0.8857658,-0.6276187,-0.111825846,-0.20135635,0.5373223
STUDENT_1142,0.6647002,-0.15916209,-0.61389744,-0.3270801,0.20863643,0.063792564,0.84013796,-0.01623035,-1.5244714,0.43020004,1.0721892,-1.6363826,-0.099672005,-0.22298495,-0.9137487,-0.23773842,0.5237909,-0.15407223,-0.3550016,-0.046538662
STUDENT_1144,0.7055456,0.54329693,-0.41620725,0.58067137,0.3322748,0.3011053,0.8119079,0.05532314,-0.102587625,0.4995802,-0.32046118,-0.1953475,-0.8394979,0.46658042,-1.1730496,1.3372712,0.023914548,0.60623354,-0.58919305,-0.23913409
STUDENT_1145,0.42682573,0.047241643,0.097609535,0.121452674,0.44560823,-0.094894,0.22174355,-0.23333603,0.024800392,0.66151816,-0.49694896,-0.009244014,-0.035617303,0.2516446,-1.1336565,0.40206775,0.17894599,0.22036254,-1.1123353,0.54789394
STUDENT_1151,0.055446107,0.36433858,-0.3539722,0.15836588,-0.27400532,-0.64872,0.3395113,-0.18711767,-0.54626083,0.46162432,0.38751483,0.334961,-0.7804393,0.93971646,-2.005315,0.37203857,-0.07820457,-0.7022215,-1.0565035,-0.67016095
STUDENT_1154,0.05215629,-1.1115663,0.2094688,-0.20582195,0.7981611,-0.08923677,0.7870474,-0.08617822,-0.8895241,0.9195164,0.5916198,-0.63496685,0.041203227,0.3273438,-0.8996142,0.45468557,-0.5763618,0.72991407,-0.5857569,-0.5329744
STUDENT_1155,1.8241539,-0.023573266,1.1002406,0.7855904,0.4704211,-1.5632936,1.970269,-0.14916074,-0.009788303,0.3063978,0.645056,1.2798303,-1.7757866,0.2548176,-1.9717367,-1.2282858,-0.49449125,-1.3898693,0.26519355,-1.905824
STUDENT_1158,0.16779111,0.00024147145,0.3029381,-0.86706185,0.4247509,-0.2164473,0.52456903,0.029343607,0.046528056,1.3333161,-1.0615172,-1.0807166,0.3054537,-0.34521705,-0.53181946,0.29394665,-0.050514594,-0.4538786,-0.5071074,0.798308
STUDENT_1159,-0.61612105,-0.58006835,0.28041756,0.123319305,-0.47271144,-1.0886748,0.1144582,-0.04984343,-0.20489542,0.070945635,-0.045065172,0.046861634,0.037521306,-0.06663658,-1.0674045,0.48463455,-0.12705329,-0.05467295,-0.90668917,0.995028
STUDENT_1164,0.8287271,-0.049098,-0.38236922,-0.15190145,0.6234017,-0.00949662,0.2039335,0.124889344,-0.29597738,0.29242793,0.28532243,-0.3920902,-0.14506766,0.12490851,-0.44832188,-0.10020924,-0.09982022,0.5954931,-0.84060365,0.59146774
STUDENT_1166,-0.36310133,-0.62186265,0.6958346,-0.53139204,0.6006961,-0.027446454,0.88809496,-0.61852294,-0.15238918,1.0826921,-0.86708975,0.050197836,0.7105839,0.15256898,-0.88335985,0.5484238,-0.4682141,0.10995032,-0.55534106,-0.2206712
STUDENT_1170,1.7998413,0.9149755,-0.8062713,0.6262198,-0.028642211,0.16362412,0.57630336,-1.4857103,-1.0546685,0.16352153,1.2471803,-0.80311626,-0.6545193,0.43985897,-1.6415056,1.0872557,1.3064148,-0.14170547,-0.0647797,-0.49028778
STUDENT_1174,1.1600498,-0.49975348,-0.20112322,0.42871004,-0.47743654,-1.2699143,0.04203043,-0.06133631,-0.93754876,0.81323105,0.7945621,-1.9481654,-0.45558086,-0.47483194,-0.5679142,0.960011,0.092709385,0.13214882,0.8402871,0.662757
STUDENT_1177,0.88781834,0.5415087,0.020464063,0.13002528,0.33883968,-0.30793798,0.8740515,-0.47094005,0.24034242,1.1292007,-0.5682892,0.07714794,-0.39924756,-0.30659515,-0.65679705,0.9362325,0.047630027,0.8534792,0.018430587,0.2551658
STUDENT_1181,0.73526627,0.1739126,-0.30699748,-0.21234308,0.60764515,0.040254608,0.4099587,0.31204197,-0.36657467,0.2965903,0.406934,-0.60361534,-0.48611188,0.23386206,-0.6306536,0.17452653,-0.28467742,0.58067816,-0.7772815,0.44728553
STUDENT_1182,0.44681773,0.12111761,-0.11179623,-0.29630193,0.48475078,-0.24728009,0.39917725,0.32380462,0.20772979,0.36038738,-0.3597561,-0.22396325,-0.12064527,0.086973265,-0.29085377,0.25863358,-0.5047856,0.33752754,-0.6383198,0.7759235
STUDENT_1183,1.0580035,0.05774516,-1.2011222,0.24667758,0.10464534,0.0060970206,0.5787524,0.03451918,-0.91713095,-0.133448,0.55997455,-1.0472419,-0.11304958,0.21723063,-0.27801153,0.29029435,0.12411551,-0.17466122,0.17233495,0.016603682
STUDENT_1185,0.941867,-0.6226226,-2.2870815,-0.08920155,0.052008297,-0.8992505,-1.8820542,0.2046879,-0.4940735,1.0762615,-1.0265623,-1.8409091,0.31726834,1.544807,-0.969343,1.6156852,-0.6696198,-2.200438,-0.23368022,0.5787082
STUDENT_1187,1.6738292,-0.9118972,-1.9757832,0.44033387,0.038625386,-1.2166637,-0.89678216,-0.6045642,-1.3957276,1.1375737,0.7472028,-2.0435934,0.45601788,-0.05827303,-0.42517936,0.7370719,0.58234644,-1.001765,0.7374872,0.32760605
STUDENT_1188,0.14415218,0.25931314,0.9344095,-0.45124558,0.3258634,-0.095734276,0.8828287,-0.026728896,0.53780836,0.529286,-0.7187777,-0.486578,0.019204052,-0.029934775,-0.7298863,0.2967253,-0.121487305,0.16639636,-0.7290054,1.019451
STUDENT_1189,0.09708169,0.36231184,-0.0640957,-1.2223907,0.7922984,0.24824736,1.0303631,-0.37339616,-0.12182823,1.0267613,-0.7225787,-0.15166609,0.25282192,-0.25273463,-0.3589344,-0.31407315,-0.10408832,0.020246878,-0.82269937,0.36434686
STUDENT_1198,1.5404711,0.3970152,-1.3658243,0.28886953,0.4173731,0.6510581,1.9276946,-1.0349462,-0.96635365,-0.5150473,0.8848666,-0.24780376,-0.18214543,0.121889696,-0.19570242,0.18345222,1.0349158,0.551935,0.28362614,-0.8979926
STUDENT_1201,0.36087516,0.84900045,-0.44939303,-1.1707373,-0.13068607,-0.18327056,-0.6666714,-0.36572105,-0.21729194,-0.98308694,1.0058689,-0.4100892,-0.2410178,1.3726995,-1.1585945,0.047605515,-0.5669171,-0.55053574,-1.2756714,1.0245847
STUDENT_1202,0.9958251,0.5293232,-0.20322545,0.5753595,0.5792612,0.7492249,0.58367527,-0.7198194,-0.17887527,0.5998459,-0.28507736,-0.12351929,-0.28944153,0.6465558,-1.6279716,0.7447713,0.88877815,0.28424007,-1.1196623,-0.33753562
STUDENT_1205,-0.059155386,0.16643414,0.16620682,0.31108886,-0.20982677,-0.20731956,0.4414404,-0.26267362,-0.54969454,0.109070286,0.3356665,-0.15429069,-0.25194335,0.22554588,-1.5665756,0.5116286,0.2779573,-0.08369176,-0.9183546,0.25017413
STUDENT_1206,-2.469834,-4.700388,0.7477269,-1.0665275,-1.008217,-4.179331,-1.628369,1.4881893,-0.4527463,2.1779587,-0.31968975,-1.3451222,1.3286072,-0.9096242,-0.7901518,0.3892453,-1.7007544,0.47649512,-1.4883521,1.558808
STUDENT_1207,0.27927256,-0.34256494,-0.50247645,0.2199511,0.64102703,-0.2705121,-0.089407794,-0.5058969,0.0021292362,1.0016837,-0.88618934,0.473106,0.41190645,-0.051173996,-0.71817815,0.13747048,0.3561427,0.08512345,-1.197353,0.28304327
STUDENT_1209,0.90393704,-0.17275216,-0.7714685,-0.8223121,0.9697786,0.5097536,0.9003321,0.056113586,-1.2659591,0.6920898,1.1571213,-1.0960193,-0.41951367,-0.112046644,-0.47238106,-0.5261745,0.36000046,0.7650128,-0.8707177,-0.3132541
STUDENT_1212,0.75884145,0.030843062,-0.19279861,0.4481957,0.47769317,0.3706825,0.16115749,-0.2986141,-0.68608415,0.60162187,0.6595311,-0.65461886,-0.45292127,0.43559378,-1.7176038,0.32269812,0.6381511,0.46033758,-1.470533,-0.023118857
STUDENT_1213,2.1335416,0.56666124,0.74861944,-0.41962495,0.25605938,-2.0376766,1.3746228,-0.4058232,-0.5267359,1.2516,1.5261292,0.63783866,-1.7645265,0.47277373,-2.3897178,-2.5422308,0.4222243,-0.8908704,-0.22714128,-1.5207752
STUDENT_1321,0.23126112,-0.5309262,1.4366604,-0.557672,0.41268757,-0.35344705,0.06724254,-0.7142654,0.046936616,0.9743733,0.21372414,-0.35582405,0.540335,0.022250611,-0.93860126,0.31952167,0.05573336,0.5946017,-0.26139185,-0.08367891
STUDENT_1349,0.124913886,0.0630732,0.47538376,-0.80687535,0.7518037,0.354692,-0.01479423,-0.95696,-0.24888526,1.3340683,0.24383357,-0.04134837,0.23238228,0.8083578,-1.2153542,0.69817156,0.21223876,0.15049495,-0.53060335,-1.2410656
STUDENT_1362,-0.08474751,0.05822389,0.16834469,-0.90233827,-0.22773795,-0.97434235,-0.5333853,-0.2738471,0.3295856,0.32930946,-0.16242108,0.4058349,0.46281263,-0.5727169,0.54169613,-0.11456997,-0.0066592973,0.064380996,0.2303975,0.6249787
STUDENT_1363,-1.1572226,-0.46132308,0.3425582,-0.32818547,-0.62427133,-0.71253204,0.43239132,0.5289301,0.29484,0.33347464,-0.8868406,0.0105448775,0.09372762,-0.52144307,0.19735667,0.4466117,-0.31914544,0.10893924,0.3153811,0.24236454
STUDENT_1383,0.5773869,-0.6145394,-0.9882363,-0.04713021,-0.41857806,-0.6473228,-0.5016795,0.31124222,-0.63543284,1.5030227,-0.74836165,-3.086016,0.55283445,-0.1417069,-0.6855614,1.0504959,1.0373923,-2.0360196,0.9207433,-0.66858214
STUDENT_1390,0.17837436,-1.15894,-0.4413309,-0.40108487,-0.486189,-1.4174985,-0.9601972,-0.1680561,-0.9548266,1.6620293,0.5226978,-1.4484155,0.14142497,-0.77504086,-0.5175696,0.23386936,0.79605246,-0.42789835,0.38201356,-0.2896749
STUDENT_1395,0.8765174,0.26893142,-0.31074935,-0.42344344,0.022606041,0.11623201,0.08163651,0.44769284,-0.5034547,-0.3448509,0.9900347,-1.5398831,-0.32853103,0.3219064,0.16154562,-0.19640839,0.2360956,-0.08559342,0.55381197,-0.2969409
STUDENT_1407,0.9792556,-1.1583092,0.79256403,-0.11911497,0.22550961,-0.071010716,-0.8849803,0.08762509,-0.36427212,1.4602013,-0.30359775,-4.145106,0.9714097,0.77535224,-1.3418305,1.214532,1.0749483,-1.8108913,0.15159456,-0.29357192
STUDENT_1411,0.65198165,-0.6647243,0.6580983,0.46303764,0.5932849,0.5320591,0.17108291,-1.0740398,0.4030955,0.8853399,-1.133402,-0.58624035,1.0925018,0.34203625,-0.73969984,0.69949394,0.7864328,-0.40453112,-0.13427262,-0.9048564
STUDENT_1414,0.041287083,-0.9696175,0.9306905,-0.68123055,0.5076664,0.11203181,0.18639469,0.1136332,0.10307424,0.48501903,0.18117338,-0.70379853,0.5815346,0.12017937,0.06126763,-0.27917796,-0.41943333,0.6073176,-0.14317122,-0.24974893
STUDENT_1415,0.03422876,-1.5964165,0.37037987,0.6819619,-0.0031645633,-0.36695486,0.119181775,0.3239565,0.5855142,0.62361985,-0.6212045,-0.20678751,0.54659885,-0.078547224,0.36236677,0.82389027,-0.5030721,1.0893657,0.39745644,-0.47375134
STUDENT_1431,0.3589877,-1.1327127,-1.0557191,-0.29943892,-0.03536022,-0.31046653,-1.4952894,0.37703353,0.2779427,-0.4963963,0.7992657,-0.1397702,0.25218025,1.9645321,0.032603264,0.80618054,-1.3459992,0.48629394,-0.7010241,-0.7706684
STUDENT_1433,-0.23306422,-1.1127532,0.40474993,-0.1998283,0.269583,-0.079853244,-1.0163192,-0.14230782,0.013770627,0.3771961,0.5022845,-0.16698107,0.60492295,1.0753962,-0.91554034,0.22430769,-0.030274076,0.12528989,-1.3978375,-0.5540696
STUDENT_1434,-0.23386632,-0.9779656,0.06773372,0.08663172,0.27226037,0.1580541,-0.10210534,-0.03814581,0.02739677,0.82185435,-0.107352234,-0.1253195,0.19026889,0.771503,-0.40587568,0.65583163,-0.33266947,0.45349374,-0.3508461,-1.1748027
STUDENT_1442,-0.5044846,-0.5489737,0.52208596,-0.94117,0.62621146,0.37398732,0.046448894,-0.54711723,0.13258287,0.35605794,0.19399792,0.6492511,0.6260884,0.5920733,-0.54578495,-0.46052587,-0.2441823,0.7828347,-1.2826244,-0.9913433
STUDENT_1451,0.9607542,-0.89343333,-0.9447187,-0.2871761,1.1978339,0.57038397,0.21206751,-0.55707794,-0.2707883,0.25897962,0.6143163,-0.19561382,0.53365886,0.75342184,0.64405084,-0.32135886,0.067696095,0.759857,-0.10136858,-1.2502211
STUDENT_1463,0.6646989,0.08963195,0.28504264,0.9188175,-0.62082565,-0.2545489,0.1403344,-1.0344701,0.56936675,0.53504115,-0.71649617,-0.051721964,-0.019332347,-0.4126122,-0.22933276,1.1352952,1.0565684,-0.0549547,1.0405477,-0.6540383
STUDENT_1467,0.33234075,0.18385595,-0.17965993,-0.21474181,-0.07214706,0.0012101214,-0.054914422,-1.2679945,-0.34118786,1.0324941,-0.23492342,-0.2547347,0.19684102,-0.38009548,-0.768017,0.22662169,1.6872954,-0.5546757,0.15487078,-1.2448347
STUDENT_1485,-0.21872397,-0.43360013,0.5488453,-0.023301039,-0.36673564,-0.6855053,-0.30041108,-0.9016985,0.20075607,0.6813458,-0.2700751,0.63956666,0.50420475,-0.82815796,-0.49565923,-0.11031351,1.0670152,0.20367926,-0.08798194,-0.20001845
STUDENT_1488,0.38205734,0.31062323,-0.030619815,-0.49149662,-0.29924807,-0.2176691,-0.9443059,-0.8694576,-0.04364595,0.92115676,-0.28237864,-1.2471484,0.08587293,0.08408445,-0.8935828,0.56209975,1.3570781,-1.3564264,0.35490033,-0.63662183
STUDENT_1494,0.5137025,-0.85361826,-0.38913953,0.857393,-0.4888095,-0.2637749,-0.54669666,-0.261761,-0.07129152,-0.0732654,0.1153731,-0.5948312,0.38124526,0.032548856,-0.29397017,0.11687618,1.1617954,-0.33526158,-0.038707126,-0.2114437
STUDENT_1499,0.8575449,1.1032557,-0.23972316,0.5066618,-0.36548087,0.26828924,0.5647006,-1.434347,0.5554174,-0.105328605,0.038836695,0.6714281,-0.6645762,0.389995,-0.7230511,1.0538688,1.1662151,0.34319165,0.694039,-1.4512585
STUDENT_1536,0.9638185,-0.56235504,-0.49563533,-0.58699524,1.2761954,-0.41867208,-1.1096264,-0.86921245,0.112284616,0.040321186,-0.064395,0.6834672,1.2093644,0.664183,-0.41667175,0.44791216,0.6045514,0.54089224,0.08594069,-1.0605237
STUDENT_1537,0.46659252,0.07101588,1.1491365,-1.1174474,0.89041406,0.57025194,0.011132464,-0.9276169,0.12618338,0.8543037,0.42276025,-0.52178514,0.57063645,0.19208346,-0.59437627,-0.11074991,0.58141285,0.38230863,-0.11063459,-0.9674432
STUDENT_1553,-0.07914518,-0.41732958,0.38349175,-1.1370823,0.7802483,1.1987377,-0.31658116,-0.40362343,-0.61682284,0.59054476,0.9933752,-1.0574505,0.21953017,1.0492098,-0.8582951,-0.1522823,0.49255633,0.15712859,-0.99489886,-1.672779
STUDENT_1561,-0.71615976,0.14004573,0.16805097,-0.83918214,-0.103473544,0.18120077,0.6084688,0.08104199,0.09114143,0.013225567,0.42210117,0.24227177,-0.37845376,-0.10986532,0.2798519,-0.7222323,0.453221,0.832908,-0.052239977,-0.8855078
STUDENT_1563,0.24044056,0.11348237,0.26689464,0.5354157,-0.61536777,0.46291304,0.021296542,-0.4216537,0.52471626,-0.7257825,0.28194946,-0.1278694,-0.46588865,0.28963062,-0.34482855,0.64800346,0.9219999,0.20906688,0.1605409,-0.8713494
STUDENT_1565,-0.4859396,0.2191715,0.5880682,-0.7869714,-0.33674437,0.00096399523,-0.11497521,0.5538398,0.27834305,-0.32434392,0.34557745,-0.67130536,-0.17806317,0.23649928,0.1763106,-0.29628745,0.19384459,-0.061944395,0.09812286,-0.21868882
STUDENT_1566,-0.8402393,-0.462455,0.36500794,-0.3215772,-0.42582285,-0.4629026,0.020271368,0.20984331,0.5273959,0.30787006,-0.7867019,0.11706966,0.42339522,-0.6644859,0.5600256,-0.16650781,0.20301202,0.1001125,0.29733875,-0.040001698
STUDENT_1589,1.1319287,0.514482,0.4736817,0.93370956,-0.47016445,0.21952939,0.84242,-1.9750189,0.9632909,-0.37354273,-0.3660444,0.75022304,-0.08318504,-0.06928049,-0.19443356,0.8690026,1.6511574,0.50553405,1.1675736,-1.1447221
STUDENT_1594,0.3023539,0.38669664,0.35925806,-1.1233954,-0.20271114,-0.7722548,-0.36838746,-0.65153193,-0.084033914,0.8843182,0.932525,0.042066146,-0.17759079,-0.7562469,0.24565525,-0.0780889,0.9570561,0.6621275,0.7492783,-0.772007
STUDENT_1595,-0.78512394,0.14826755,0.26920295,-1.4638554,-0.16649187,-0.41180843,-0.39039972,-0.44561777,-0.035686746,1.1296268,-0.09949113,0.06599715,0.20396265,-0.7909053,-0.108239084,-0.7313655,0.8382459,-0.041546427,0.011281108,-0.7202305
STUDENT_1598,0.35156396,0.7236787,-0.7141264,-0.77691466,-0.6217901,0.6560472,-1.0021495,-0.31757084,0.7430192,-1.5923874,0.76238,-0.28164095,-0.6313094,1.572247,-0.24806574,0.8267979,0.11765078,-0.30245587,-0.3200986,-0.8382974
STUDENT_1620,0.24877195,-0.9090395,0.47318393,-0.6885855,0.87539345,0.22814938,0.3251771,-0.26767674,-0.19816284,0.65049523,0.046836786,-0.3549171,0.7202475,0.038137186,-0.032034695,-0.39735192,-0.2517421,0.53699076,-0.22561117,-0.5184875
STUDENT_1625,0.05416779,0.05258514,-0.11624922,-1.1093454,1.0428258,0.49684894,0.5458965,-0.6154383,0.35420763,0.58631057,-0.81601715,0.113765135,0.8572366,0.6647968,0.35601372,0.14431143,-0.67775553,-0.1158542,-0.06801525,-0.7768157
STUDENT_1628,-0.1381623,-0.19380157,0.6975434,-0.1669402,0.66972435,0.790732,1.1568675,-1.0658143,0.18680625,0.5973575,-0.27459493,0.7174923,0.37582216,0.56728727,-0.9636285,0.12545593,0.23750499,0.9036984,-0.7465498,-1.3851901
STUDENT_1640,-0.4595946,-0.671065,0.5584153,-1.1493812,0.42387667,-0.1410922,-0.34885967,0.07141632,0.032570586,1.2536719,-0.56330603,-1.1677088,0.6754472,0.7541394,-0.5773337,0.5019209,-0.40783298,-0.7377121,-0.48108226,-0.3213751
STUDENT_1643,0.84276193,-0.31661156,0.93659496,0.66761804,0.33962446,0.7513367,0.61944765,-0.19899017,0.2073478,0.4719947,0.018396296,-1.6620865,-0.049555566,0.8199135,-0.8357222,1.2231395,0.19725406,0.24511088,0.38469562,-0.89442503
STUDENT_1648,0.13567208,-1.4321382,0.06678678,-1.0018548,0.53251755,-0.8492439,-1.0392799,0.54237145,-0.080859885,1.4192195,-0.45927703,-1.7906661,1.2696568,0.24111049,0.1370794,0.4097856,-0.6088316,-0.87202924,-0.005850616,0.24530739
STUDENT_1746,0.33040336,-0.99479735,-0.54209113,0.6579381,0.35979334,0.3761323,0.18672758,-0.13873383,0.113169745,0.46986115,0.02299323,-0.024771977,0.036984418,0.7372357,0.036954373,0.87344617,-0.2674499,0.7183818,0.10817773,-1.6045161
STUDENT_1750,0.19286865,-0.1598087,-0.4356243,-1.2466352,1.1250604,1.1874563,-0.8744629,-0.6788556,-0.23476356,0.18736152,0.8644732,-0.36900586,0.70446193,1.7845814,-0.65774804,-0.16552135,0.17703694,-0.3155867,-1.5201254,-1.4641284
STUDENT_1773,-0.25873983,-0.74529433,0.29073292,-0.0929886,-0.07980394,-0.5885142,-0.29157314,0.28657836,0.30576268,0.96803075,0.290996,-0.33157545,-0.3532955,0.39120921,0.11730313,1.4905682,-1.0239938,1.1175662,0.64705944,-0.8729317
STUDENT_1873,-0.23850374,-0.53089136,0.31659836,-0.86455446,-0.42858717,-1.2104036,-1.1114889,0.011675516,-0.15789218,0.45103696,1.0047659,-0.120131806,0.18528773,-0.4777755,0.23869723,-0.6505921,0.40885735,0.28322318,-0.20048054,0.11046306
