IDX_STUDENT,COD_PROGRAMA,JORNADA,DURACION,PERIODO_INGRESO,ESTADO_CIVIL,ESTRATO,CONDICION_EXCEPCION,TIPO_COLEGIO,RANGO_INGRESOS,RANGO_GASTOS,TIPO_VIVIENDA,PUNTAJE_ICFES,PCN,PLC,PMA,PSC,PIN
STUDENT_1093,0.003076532,0.012318616,-0.03190999,0.9443498,0.03360913,0.026571378,0.012778082,-0.0008408241,-0.007472692,0.010952208,-1.0122536,0.14873247,0.4809673,0.37581325,-0.6986981,0.53666884,0.16302435
STUDENT_628,-1.0380203,-0.019366559,-0.06701809,0.6675374,-0.04704662,-0.95114684,-0.035607625,1.0685781,-1.054077,-1.1112815,-0.050714597,0.91290873,1.6697618,0.8860503,0.55948645,0.41284695,0.35427907
STUDENT_1267,-0.96711284,0.04441381,0.017912816,0.94566166,-0.030952077,0.032608666,-0.057684474,-0.027700957,1.0367788,1.0238403,-0.98019284,1.28572,1.7616061,0.5292014,0.9356681,0.28835252,1.5994462
STUDENT_288,-0.08509678,0.9855549,0.8337805,0.68563473,-0.09093544,0.007035628,0.06998644,0.1638075,1.9322097,2.0128691,-0.9441384,-2.1350381,0.6484324,-0.17665665,1.380238,-4.8355556,-4.604534
STUDENT_437,0.02676877,0.98071307,0.979797,0.05716872,0.9222427,0.02578877,-0.0007252833,1.0403045,-0.034815766,-0.07554157,-1.0880347,0.22298051,0.9766391,0.47432423,-0.18393563,-0.44633764,0.30454612
STUDENT_806,-0.9431272,0.01784325,0.0071036555,-0.42077687,-3.5631354e-05,0.06372358,-0.0048741763,1.0374414,-0.008257689,0.024482187,-0.9557002,-0.23645833,-0.18368474,-0.5673802,-0.6785318,-0.18215674,0.68917894
STUDENT_553,-0.010034191,0.10012946,0.030784208,0.19117545,-0.098534025,0.9616798,-0.078681044,-0.061712768,4.9390774,4.9493804,-1.0749397,-0.060127437,0.19021557,-0.542771,0.32708082,0.07483447,-0.51113737
STUDENT_1063,-0.023569074,1.004024,0.9908698,0.21208034,0.006859054,-0.012221649,0.0011189217,-0.08215886,0.0006714519,0.024029635,0.048668876,0.12885974,0.059534892,0.009784052,-0.114295095,1.1868929,-0.6538112
STUDENT_1740,-0.0042753397,1.0315677,1.02337,-0.36253572,-0.013291526,0.0364732,-0.017628841,-0.06393933,0.03602869,0.005256716,-0.982098,-0.90360665,-0.7985333,-0.62951565,-1.1427383,-0.49445266,-0.49448207
STUDENT_1638,-0.06043944,1.1082497,0.9963628,-0.16763243,-0.019821951,-0.9287783,-0.0627413,-0.035554897,0.038243487,0.086067095,1.0972077,0.24360465,-0.32626468,-0.7691391,0.9595178,-0.4236488,1.2713113
STUDENT_1252,-0.01951756,-0.011249739,0.032167137,0.64016825,-0.03911317,-1.0083401,-0.015864305,0.00626269,0.017752493,0.024389837,-0.9958127,0.14839685,0.39961934,0.23342364,-0.16901998,0.15411623,0.057488862
STUDENT_1389,-0.037908953,0.0069379853,-0.056803565,-0.17296141,0.20618749,-1.0132738,3.0159824,-0.14060283,0.12792768,0.11635789,-0.97216713,-0.96064144,-0.7840174,-1.010372,-0.84058845,-0.73420835,-0.6347997
STUDENT_778,0.034300014,-0.054802638,0.06826403,0.36968654,0.029249405,-0.04479044,0.023846835,0.0091074295,0.0797675,0.08652763,-0.91800827,0.45564607,0.99040204,1.0517795,-0.9976023,0.26569498,0.84534633
STUDENT_206,-1.0398133,0.028938841,-0.01793911,-0.8066434,-0.028634148,0.1234187,-0.026280306,1.0299807,0.05935569,-0.0130616985,3.0549436,-0.5503597,-0.68374306,-0.97134304,-0.61810106,0.28630173,-0.2734594
STUDENT_851,-1.0297774,0.009070267,0.047236342,0.14279413,-0.030897668,-0.99793243,-0.04461138,0.079508886,-0.998273,-0.9769301,0.018225536,-0.49179682,-0.75830925,-0.38207325,0.44618875,-0.49945477,-0.63871986
STUDENT_1370,-0.035418395,0.014758346,-0.045151163,-0.2495248,-0.044476174,0.98931885,-0.019242406,0.0900819,0.0048914347,0.010843504,0.003335286,-1.0593553,-0.56754905,-1.3523542,-0.40361023,-1.2898413,-0.64467585
STUDENT_1358,0.0012817802,0.99478644,0.9449062,0.019081712,-0.0019068372,-0.9996737,-0.083968535,0.00056621805,0.029216724,0.05005038,-1.0542613,-0.17064962,0.105844356,-0.27068457,0.36046305,-0.15620773,-0.702697
STUDENT_1665,-0.030481044,0.9901418,0.982062,-0.18845248,-0.06817674,0.972005,-0.032150924,0.9863397,-0.022645636,-0.00028631464,0.097482085,-0.17719327,0.06635085,-0.012381723,-0.23973809,-0.39534542,-0.08217431
STUDENT_84,-1.0830185,0.0137645425,-0.04425429,-0.43894184,0.044366214,0.0809377,-0.033405446,1.0097736,0.063218,0.071551085,0.0261423,0.18287596,-0.61117965,0.8127769,-0.2802407,0.2719362,0.5178381
STUDENT_1603,-0.022282515,-0.095117964,0.042923573,-0.9147703,-0.022311954,-0.018866643,-0.08561825,0.92117524,0.9735077,0.9782592,-0.8836759,-0.9720196,-0.5189479,-1.7538935,-0.67415595,-1.2940155,0.24109769
STUDENT_1736,0.0022036778,-0.025599089,-0.118089855,-0.31312752,-0.03999165,-1.1286112,-0.011208466,0.050241236,-0.027401922,-0.098840505,-0.95525175,-1.0168978,-0.90515095,-0.27923954,0.1519298,-0.23664577,-2.8796093
STUDENT_1345,-0.042371843,0.92467815,1.009892,-0.05484535,-0.022968026,0.95555025,0.012279191,0.9499873,1.0036968,0.9942314,0.06127882,-1.3335834,-0.61685777,-1.5234741,-0.9863973,-1.0142566,-1.321058
STUDENT_421,-0.02580424,-0.013213168,0.03928,0.2619986,0.008360223,-0.011164263,-0.010118178,0.93754506,0.98883456,1.0286566,0.007181838,-0.18950854,0.25630608,-0.6972289,0.4701974,-0.3835274,-0.5097749
STUDENT_1686,-0.008734058,-0.010034184,0.009016711,-0.017374802,-0.015687803,-0.9698994,-0.035353936,0.01869585,0.0143666435,0.0015627705,-0.93125165,-1.1349677,-0.74630517,-1.279324,-0.96690327,-0.9203858,-0.5913473
STUDENT_630,-0.9721866,-0.029780354,0.029505868,0.817146,0.033315998,0.08407532,-0.052515008,-0.020949092,-0.015484823,-0.00066063926,-1.0118521,-0.38978863,-0.2627977,-0.6657624,-0.27914584,-0.18536042,-0.19831137
STUDENT_1266,-0.9374822,-0.039327648,0.032025788,0.8601487,-0.07593434,0.020375624,0.058194183,0.014092151,0.07024496,0.034788933,-0.94247574,-0.77434886,-0.60364646,-0.51696867,0.0840842,-1.835224,0.10904045
STUDENT_988,0.046353333,-0.065713294,0.056639533,0.81644124,-0.02133377,1.0021731,0.0057375515,-0.011800658,1.0476686,1.0714225,0.064729705,1.2054175,1.1319432,1.5959554,-0.41202182,0.49714848,2.1428442
STUDENT_485,0.0060155513,0.032624904,-0.02106407,0.03933118,-0.03275894,0.9420717,-0.11723759,1.0950888,0.9868496,1.018699,-0.08444396,0.21655251,-0.5562129,-0.62120825,2.2538228,-0.66337025,0.08251697
STUDENT_559,-0.9824854,0.0269108,0.017073903,0.5878459,2.045673,-0.8360059,-0.037989438,-0.23332587,0.009232165,0.007532466,-0.79864585,0.8155233,1.7475463,0.76635945,0.5172658,0.7269537,-0.3961833
STUDENT_918,-1.0223876,-0.0014943434,-0.02649394,0.044196364,0.04228525,0.011251561,0.027911015,0.09094626,-0.005831478,-0.012810323,0.028672948,0.12774105,-0.3511786,0.18218277,1.3896536,-0.3359395,-0.504717
STUDENT_707,0.26074126,1.0289053,0.07677689,0.5518002,2.0806265,0.0068531483,0.020198174,0.9432653,3.9202557,3.9850729,-0.011764184,0.40253577,0.72182506,0.1937647,0.39460015,0.39034995,-0.062999755
STUDENT_132,-1.000947,-0.0730591,-0.08566429,0.022267934,-0.023639979,-0.88064635,-0.030619718,2.0853586,0.048187643,0.034556586,-1.014925,0.3457394,0.8068966,0.13261968,-0.36187747,0.12266297,0.84106374
STUDENT_373,0.039123673,-0.016925458,-0.014266413,0.18386754,-0.0479421,-0.93615043,-0.0610298,-0.016996983,1.043861,0.9883701,-0.9928537,0.013208845,-0.00041099451,0.070816316,-0.24112998,0.5947748,-0.37023094
STUDENT_1634,-0.0256274,1.0188727,1.1039146,-0.1213132,-0.019748302,0.9575261,-0.04619459,0.0015664436,-0.0012615453,0.014356855,-1.0572176,1.1155337,0.6431212,0.14538108,2.1162617,0.4273233,0.79974043
STUDENT_417,-0.04666775,-0.06169733,0.0053904913,0.032732543,-0.039283764,-0.9300762,-0.10395151,0.9844574,0.012097569,0.031703595,3.031188,-0.073094495,-0.22786565,0.15255235,0.21244816,-0.15547974,-0.020813536
STUDENT_1326,-0.002534586,1.0408871,0.99901336,0.05623764,-0.050971467,-0.9626391,-0.04733997,0.0006607808,0.93264484,0.9570795,-0.030824766,-0.6035618,0.040768534,-0.5127238,-0.6452156,-0.50777024,-0.6394125
STUDENT_969,0.007835538,0.00040312577,0.008698761,0.86461157,-0.022219287,-1.0250903,-0.041776597,0.019006763,-0.00080498867,-0.0061179735,-1.0008324,-0.069111355,0.19091447,0.29837704,-0.0759211,-0.34804797,-0.16052464
STUDENT_741,-1.0042042,-0.014594699,0.026431132,-0.120919034,-0.030931601,1.0970843,-0.01087699,-0.07052393,-0.053642176,-0.008611586,-1.0081621,0.26160944,-0.17726244,0.098736025,1.0352318,0.5221209,-0.56388855
STUDENT_41,0.20217535,1.006305,0.019583378,0.67809504,-0.07415238,0.0510958,-0.032162853,0.9693154,-0.022906823,-0.075451165,0.10620169,-0.7242924,-1.759277,0.6068612,-1.0820035,-0.37439704,-0.21113373
STUDENT_443,-0.09856254,0.928063,0.9357489,0.28684425,-0.06948727,0.10596906,-0.026803426,0.987133,0.040744647,0.03440668,2.961667,0.39049566,-0.20971031,0.9787328,0.81216526,-0.657624,0.8524034
STUDENT_439,-0.9436446,0.028656725,0.013875101,-0.13483398,0.017509794,1.0002679,-0.004613093,-0.11318453,1.0448688,1.012034,-0.046600744,-0.6596367,-0.27408886,-0.027342333,-0.36136645,-1.2399539,-0.51721025
STUDENT_1734,-0.016296998,-0.03731094,-0.023937251,-0.2959943,-0.0012591955,-0.9853481,-0.021455497,1.003836,0.043911107,0.030180056,-0.93940085,-0.31840533,-0.25134194,-0.9271306,-0.14151621,0.09820839,-0.18644236
STUDENT_518,0.04938714,0.03269178,0.0398294,0.24533589,0.011393321,0.08081673,0.013508045,-0.030082311,0.9859008,0.98163515,-0.9168295,-0.16931893,0.11630891,-0.48195314,-0.66063845,0.03175313,0.27578253
STUDENT_78,-0.99724877,0.12288261,0.0512739,-0.36528957,-0.024276378,1.1268853,-0.051086955,1.0022538,4.955227,4.992775,-0.03172128,1.3035208,1.44479,0.84204227,0.12528683,1.6715332,1.0174958
STUDENT_436,-1.0848294,-0.030296799,-0.021992702,-0.10917203,-0.0071620913,0.06567307,-0.0043172156,0.026196484,-0.015549181,-0.016526517,0.09700377,0.3924723,-0.18664731,0.11939592,1.1860809,0.4025203,-0.22443798
STUDENT_1163,-0.00830974,0.032757927,-0.054084536,0.6198724,-0.013993024,-0.96654487,0.036280263,-0.061727162,0.036457203,0.027604513,-0.015690565,0.28088233,0.29366386,0.27866217,0.28755602,0.55898696,-0.37247464
STUDENT_1418,-0.048011918,0.9681483,0.95420086,-0.33835235,-0.08658849,1.0380582,-0.0011728769,-0.06233571,-0.9875294,-0.9626766,-0.86396664,-0.41450208,-0.17593722,-0.16558428,0.02294195,-0.04486855,-1.257
STUDENT_1533,0.0047706785,0.9986463,0.96621376,-0.65158415,0.021298004,-0.041676894,-0.039262332,0.8870476,1.0269325,1.0485984,0.14765376,0.27450323,0.31494492,-0.896307,0.115652695,0.6057793,0.69325113
STUDENT_1169,-0.02754261,0.973864,1.0068113,0.637134,-0.07070352,0.026999563,-0.042239092,-0.10935731,0.0014686752,0.037926275,-1.1340827,1.1180434,2.012435,0.30245844,0.46310204,1.2845039,0.46671632
STUDENT_1580,-0.010348226,0.01862355,0.086812854,-0.8927521,-0.011339444,-0.03016232,-0.030452445,-0.06752892,0.9025228,0.8656366,-0.9475599,-0.7845489,0.12704833,-1.1317832,-0.4621427,-0.027703626,-1.628588
STUDENT_1813,-0.010965469,1.003895,1.000628,-0.62743086,-0.036473636,-0.025602952,-0.046982653,1.0262941,0.02242248,0.056300167,-0.9985331,-0.25457507,-0.3356678,-0.14600413,-0.7349334,0.29763997,-0.081600994
STUDENT_577,0.0049113454,0.031312574,0.032563437,0.91830224,0.014064041,-0.0086220205,0.014457666,-0.017850254,-0.025126917,0.010859478,-0.9758119,0.692898,1.10544,0.91357875,0.33043355,0.47863635,0.11910707
STUDENT_702,0.029416539,1.0210048,1.2086965,0.4810184,0.85589314,-1.0953366,-0.12102226,-0.12490854,-0.86981297,-0.9198229,2.8170004,0.8160347,1.046448,1.9302266,0.7487822,0.5918906,-0.48510525
STUDENT_1722,0.03227752,-0.026659485,0.023244623,0.016393002,-0.042578597,-1.1564081,4.2237463,-0.48345104,1.2363217,1.2197661,-0.09350859,0.7754727,0.24143465,0.9601654,-0.56579846,-0.04859408,2.8469934
STUDENT_316,-1.0217391,-0.04407755,-0.0014477298,-0.6165952,0.009056401,1.0103348,-0.03629724,0.05677099,0.022577772,-0.009302735,0.024768077,-0.051313262,-0.17423998,-0.3265186,-0.03014915,0.5501527,-0.3678833
STUDENT_1452,-0.009821567,0.9825434,1.0588646,-0.33441228,0.97710425,-0.11653018,-0.039784946,-0.0017955899,-0.042150766,-0.035955813,-0.10362681,-0.26156542,-0.27063707,0.14595042,0.2866675,-0.9611506,-0.12976591
STUDENT_579,-1.0033592,0.05598486,0.1006348,0.75254256,0.09572052,1.1602972,-0.013195119,-0.07977755,0.04943703,0.017120253,0.15780313,1.5758499,0.9132193,0.3830126,0.21826832,1.9583869,2.6318781
STUDENT_374,-0.056440715,1.0419405,0.93133116,0.03525242,-0.00495693,-0.90991825,-0.05238653,2.0360525,0.09493204,0.08380453,-0.061461136,-0.9695112,-0.5824415,-0.36785522,-1.442818,-1.18312,-0.109415054
STUDENT_1354,0.036642443,0.96062934,1.0188217,-0.0020917985,-0.01900375,-1.0191661,0.004565888,-0.024936508,-0.06305296,-0.047247015,0.087218,-1.3033719,-0.8875033,-1.5366794,-0.75318706,-0.921177,-1.2155339
STUDENT_404,0.070029706,-0.005051191,-0.04129624,0.7019914,-0.0084055355,0.05144508,-0.03844308,1.0508897,-0.027706293,0.00057764724,-1.0082631,-0.8165098,-0.18228401,-1.1963711,-0.84271055,-1.3988578,0.41235057
STUDENT_891,0.004862291,0.9038872,0.8998744,0.6255103,-0.024965795,0.062435016,-0.006775222,0.9203965,-0.023791892,-0.00010542199,0.10843371,2.5243473,0.92191446,2.5412967,1.373833,1.6430534,3.4680579
STUDENT_1311,-0.97428524,-0.027256276,0.00015645102,-0.36313957,0.03390583,0.08630237,-0.040941797,-0.04068662,1.994181,2.018799,-0.93909496,0.18689236,-0.006639136,0.18899213,0.28347155,-0.12888649,0.38362086
STUDENT_1280,0.0049786316,0.09268955,0.07113257,0.88937026,-0.0018194643,0.083079055,-0.032645218,0.9862907,2.9367495,2.9605072,-0.9834713,0.8972874,0.51743597,0.39983165,0.9224234,0.53118277,1.2161148
STUDENT_33,-1.1253787,0.04713318,0.027173374,0.64486027,-0.064035036,0.040496722,-0.056132905,-0.13320625,0.035434708,-0.01750515,2.93893,1.7623073,1.9226936,1.7267492,0.9316785,1.7874752,0.7428746
STUDENT_1168,0.21921274,1.0858557,-0.0010599904,0.74075747,-0.009010988,-0.9789618,0.031246789,-0.11242086,3.9748154,4.0130086,-0.9855672,1.009982,0.66691166,1.7973039,0.4674874,1.2506589,0.05320852
STUDENT_833,-0.92812425,-0.0025886698,-0.016661506,-0.69181246,-0.0095538,0.07307662,-0.012404776,-0.06349923,0.97220474,0.9792689,-0.9900173,-0.2226315,0.059937924,-0.5133521,-0.2688373,-0.5219356,0.38299415
STUDENT_1372,0.0125668915,-0.041361038,0.010623127,-0.25494206,0.019566244,-1.0511185,0.8722416,0.010639463,-0.9119223,-0.91994363,-1.0487348,-0.8786693,-0.5270753,-0.67646384,-0.6355705,-0.94258624,-0.53829426
STUDENT_1621,-0.0046780882,0.9889566,1.0255563,-0.06913634,-0.015109482,0.0010943189,0.020286657,-0.0720246,0.02380708,0.030002233,-0.95076376,-0.29067945,-0.007959617,-1.3134142,0.7225835,-0.59620804,-0.16077505
STUDENT_1887,-0.052526552,0.9649834,1.0170826,-0.8073824,0.011227098,-1.0537721,0.0047671245,-0.07599995,-0.9077708,-0.88768244,-0.95375043,-0.19933492,-0.40771258,-0.046857283,-0.47502542,0.3590441,-0.24399714
STUDENT_1393,0.0048566656,0.022398528,0.041376937,-0.31325644,0.00518616,-0.96148896,-0.016944073,1.0125259,2.0164762,2.002786,0.067277774,-0.27233276,-0.39565927,-0.1437475,-0.15358098,-0.13937022,-0.2193919
STUDENT_230,-1.020626,-0.089556776,0.087916955,-0.6266978,0.14614743,2.0954216,-0.06563292,-0.061401974,0.07096784,-0.05846187,-0.03279554,1.5584906,0.974792,0.754996,0.7806638,1.64239,1.8560734
STUDENT_608,0.036617484,0.12578575,0.018985309,0.6452478,0.0352053,0.96019995,-0.024993233,1.9293104,1.9790224,1.9700536,0.029701546,0.552196,1.1344959,0.89247054,-0.5048079,0.1326653,0.8347715
STUDENT_661,-0.15128009,0.9652897,0.9982258,0.45591092,-0.06812501,0.09558119,-0.082433335,1.035599,3.9506779,3.9511423,2.9068472,0.17668587,-0.33353052,1.5139577,-0.50182015,-0.16516967,0.46941522
STUDENT_265,-1.0428147,0.018793304,-0.010228749,-0.54357326,0.047178786,-0.93213636,0.0041762525,1.0006284,0.055146195,0.046260167,1.097276,0.46790424,-0.14399417,1.4012438,-0.081795976,0.2191738,0.57972115
STUDENT_438,0.058142226,-0.0071591614,-0.017240819,0.09053764,-0.033799272,-0.99571407,0.014230222,-0.060138404,0.048540905,0.034740508,-0.9542874,-0.29456314,-0.03088378,-0.42019135,-1.1295598,-0.44780955,0.83856106
STUDENT_1941,-0.15245982,1.0952752,0.9939184,-0.83907825,-0.025188657,-0.14791892,0.037078537,0.016938943,-0.87719685,-0.9006053,2.935399,-0.55316186,-0.87169784,0.27371228,-1.2702428,-0.47300953,0.28458855
STUDENT_650,-1.0274631,-0.0058445586,0.027212802,0.55536586,-0.06722376,-0.9535053,-0.09459116,0.9949206,0.00014639832,-0.014822837,0.08505423,-0.12228722,1.0559245,-0.1162973,0.0460941,-0.33341494,-0.9804696
STUDENT_461,-0.06741252,-0.03462588,-0.048974287,0.33197778,0.042546406,0.054529026,0.025627278,-0.03054998,0.027019361,0.027766343,0.049993783,0.0023233937,-0.15713607,-0.23858504,-0.4562207,0.3827011,0.43640724
STUDENT_639,-0.046889577,0.12975934,0.057122726,0.9057049,-0.030377107,-0.0070488453,0.020828329,-0.0055510066,0.014685722,0.022323076,0.859672,2.0714676,0.7762132,3.2849247,1.489515,1.2255586,1.7202407
STUDENT_889,0.031454068,0.028446104,0.031217087,0.3149139,-0.079519585,-1.0961074,-0.056229316,-0.04372259,0.969318,0.93733704,-0.9732798,0.5841496,1.1152323,1.1910992,-0.019270528,0.23405823,-0.014626269
STUDENT_355,-1.0543767,0.011525636,-0.06308067,-0.6385208,-0.07171486,-0.9843384,-0.06019266,0.9816892,0.0709717,0.05086409,2.0999022,0.67880887,1.2584146,1.0126276,0.0015307255,1.1559198,-0.5697407
STUDENT_1893,0.036680017,0.95977,0.9383072,-0.9353721,0.94634104,0.024356123,-0.07103308,-0.019306753,0.9502618,0.9187737,-0.08342044,0.2077354,0.15828359,0.76886785,1.3231788,-0.18826765,-1.1125991
STUDENT_1581,-0.1210974,-0.04940122,0.01654132,-0.9371182,-0.075297505,-0.081372365,-0.042640157,0.95638275,0.14284763,0.03713383,2.056016,-1.1076442,-1.0547866,-1.0458871,-1.2856343,0.22373556,-1.2186887
STUDENT_354,-0.97511035,0.003749338,0.015791595,-0.40221745,0.022020599,0.007729277,0.013263346,0.012976587,0.03053995,0.028945647,-0.9898632,-0.21811508,-0.27904668,-0.46891654,-0.28554302,0.3632558,-0.32399315
STUDENT_1647,-0.05196299,1.01575,0.9556143,-0.18961637,0.0036090435,0.05279146,-0.07564196,0.92843807,0.036586627,0.04436825,-0.05268468,0.8204331,-0.018982155,-0.052631013,1.2802321,0.71880424,0.9182737
STUDENT_1226,-0.9661611,0.011527811,-0.027449999,0.7753085,0.0012556288,-0.0199387,-0.018018924,0.9958266,2.037262,2.002567,0.0012111813,0.46868965,1.0010471,0.6713412,0.84398925,-0.7436517,0.3805565
STUDENT_1848,-0.029039878,-0.015815001,0.03658277,-0.9083156,-0.010913926,-1.0879426,-0.046562634,0.9823376,1.8879569,1.8619238,-0.9761154,-0.26195565,0.03651704,-0.19061714,0.35046485,-0.37985903,-0.73639154
STUDENT_1245,-0.10785101,-0.05677445,-0.01910698,0.89158994,-0.043378014,-0.9904982,3.0213237,0.9004918,0.059097752,0.0063388683,-0.90750176,0.15696357,0.25561532,0.032284506,-0.02431478,0.02630029,0.47084868
STUDENT_799,0.019743022,1.0327209,1.0111704,0.4268559,-0.007258701,0.0041582882,-0.033510543,-0.0001157783,-0.050740585,-0.020038214,-0.97384137,0.36707273,0.5897604,0.40023035,0.030347776,0.4147803,0.07521662
STUDENT_857,0.013404158,1.0138572,1.0002356,0.49164906,-0.045297448,-1.0038034,-0.043646447,0.9922658,0.008345677,0.027240042,-0.96145695,-0.041898824,0.3739288,-0.37208137,-0.20037653,-0.08944259,0.1874123
STUDENT_1296,-0.05032329,-0.021321978,0.014785137,0.84980756,-0.09275748,0.00977394,0.9129074,0.014629129,-0.01024772,-0.035896625,-0.07543284,1.0841051,1.1170944,0.66283137,0.20700596,0.1225412,2.543926
STUDENT_1889,-0.002851355,1.0079299,0.9828712,-0.9015272,0.03893559,1.0139439,-0.08581124,-0.23549232,-0.1352225,-0.070050254,0.03362997,0.06948263,0.15803297,1.5902581,-0.17014788,-0.27102205,-0.5276647
STUDENT_128,-0.99875337,0.019628707,-0.044781636,0.05331273,-0.022825273,0.10890709,0.009658509,1.9890717,0.0075244103,-0.0060407035,-0.9467266,-0.47326198,0.21539141,-0.9974549,-0.36239818,-0.55268896,-0.22715697
STUDENT_126,-0.9738796,0.0072016763,0.10280812,0.050889958,0.8166191,-0.114308074,-0.0726314,1.0460454,0.041834377,-0.01705296,-0.8991266,-0.17601246,0.23794861,-0.7422074,-0.82396334,-0.8978859,1.5520548
STUDENT_152,-0.9558315,0.041914757,-0.026172336,0.28613648,-0.012909791,0.03888227,-0.046994068,-0.05448341,-0.022851704,-0.016729753,-0.95019054,0.178842,-0.21322124,-0.25957397,0.22867201,0.26860538,0.5226915
STUDENT_664,0.006382969,0.9721772,0.984024,0.47935283,-0.006490278,-0.01854153,-0.018276237,0.063262224,-0.91678697,-0.921125,-0.96075314,-1.2842818,-1.3529867,0.0054179374,-1.666482,-0.96443653,-0.8599374
STUDENT_347,-0.010269987,1.0218029,1.013892,0.18997857,-0.008223268,-1.0142661,-0.09588981,0.010952715,-0.027532687,-0.043059867,-1.0156175,-0.17042491,-0.673433,-0.0010282155,0.7081054,-0.3265207,-0.4842761
STUDENT_580,-0.10688109,0.024572242,0.06020168,0.6471042,-0.014591309,1.0529348,0.015875004,-0.07575826,0.043998197,0.019757982,1.0071656,1.3708441,1.782534,1.2062476,0.5845719,0.61116993,1.341463
STUDENT_824,-0.14558856,1.0200695,0.92760986,0.47054416,0.07244606,0.07237215,-0.084931545,0.13065013,1.9625791,2.0757387,2.875391,1.3684732,-0.07882328,1.4888777,1.0281965,1.3204712,1.665047
STUDENT_1215,0.014358801,1.0263753,1.0320578,0.68254215,-0.080127105,-0.96815753,0.03499917,-0.00841802,-0.034085736,-0.01569679,0.018877015,1.7079133,1.8122594,1.9638557,0.49135298,0.91185075,1.9419559
STUDENT_761,-0.080615014,-0.02227145,-0.097286716,0.04561342,-0.027405934,-1.0282242,-0.020187147,-0.013137501,-0.017052962,0.008077133,3.0875847,0.69101053,0.97707754,0.18224804,0.19210684,0.62934124,0.8381256
STUDENT_1894,-0.08393037,1.0360155,0.9972323,-0.93259,-0.02681076,1.064138,0.042357616,0.987522,-0.95877355,-0.96340454,-0.9557608,-0.8102805,-0.6574927,-0.6145541,-0.14091806,-1.1831677,-0.5386845
STUDENT_849,-0.04637331,0.99565095,0.93167853,0.47898817,-0.069290966,1.1028717,0.020164706,0.9427731,0.07392913,0.0360508,0.08168313,0.40634495,0.7984781,0.8614835,-0.49496216,-0.9929882,1.6998514
STUDENT_676,0.04776978,1.0122007,0.9538188,0.6938171,-0.06894574,-0.97481024,0.023662366,-0.051334437,1.0198244,0.9979965,0.0339911,-0.35064867,-0.79083306,0.16672364,-0.7079684,-0.6537688,0.568351
STUDENT_1495,-0.07719876,-0.025054764,0.042470556,-0.49449366,-0.0063265925,-0.052090928,-0.053121082,1.0034187,0.9917671,1.0052987,-0.008741006,-0.3807589,-0.1302512,-0.6442402,0.12838756,-0.48338845,-0.4909418
STUDENT_1641,-0.046161663,0.9859654,0.9564032,-0.15030012,-0.057394717,0.007096842,-0.05292519,1.0600895,0.996401,1.0047313,2.954342,-0.21371149,-0.31325775,-0.09078305,0.57089853,-0.09180384,-0.9361936
STUDENT_1836,-0.009392711,1.0049603,0.98377126,-0.6071663,-0.059358496,-0.015015975,-0.04507821,1.0030712,0.0199435,0.06993477,-1.0433893,-0.77409005,-0.80066174,-0.33551818,-0.8736803,-0.94045347,0.031917218
STUDENT_487,-0.04800907,0.9484804,0.99370635,0.061929774,-0.009268451,0.9780295,-0.04881809,0.03463218,0.009571852,0.04032199,0.91034395,-0.60197455,-0.45257628,-0.76067775,0.37456423,-0.13087131,-1.5691763
STUDENT_558,-1.0033959,0.019197907,-0.014637638,0.5733271,-0.050456863,0.00097467005,-0.043072112,-0.0042442344,-0.019032193,-0.05966926,0.014480948,0.11805666,0.49125215,-0.63168573,0.12156765,-0.08629016,0.471301
STUDENT_502,-1.0142876,-0.020439174,0.021046396,-0.77602655,0.018382143,-0.9494973,-0.05637701,0.04429734,0.016038919,0.023946885,-0.9679193,-0.10876784,0.15986234,-0.083260335,0.27400887,-0.35739434,-0.34840986
STUDENT_854,-0.009250837,0.9825857,0.9784541,0.43082726,-0.04089609,0.18055119,-0.077755176,1.8725477,-0.0061986875,0.028166477,3.065713,1.1819171,1.7111658,1.7260499,-0.08844413,1.4456139,0.33492914
STUDENT_614,-0.057059903,1.0445373,0.9778322,0.6685124,-0.07749996,0.07695456,-0.024499051,1.0561763,2.9005713,2.8716528,2.8510246,0.38673255,0.55927306,0.4605422,1.1410556,0.29066974,-0.91396844
STUDENT_1305,0.19909677,1.0226512,0.04144105,0.65665,-0.07082935,0.12441297,-0.10724617,1.1200049,-0.8045019,-0.8915944,0.08384456,-1.1373152,-1.5331746,0.12291814,-1.5890257,-1.0465797,-0.11169718
STUDENT_1875,-0.03949314,-0.049615752,0.062471192,-0.660482,0.00020491809,-0.024365082,0.0039008642,0.9500221,0.9460674,0.9856388,-1.0412892,-0.9981115,-0.39088157,-0.84034204,-1.2562821,-0.5760599,-0.89260143
STUDENT_599,0.009758052,0.9690437,0.98450017,0.4784421,-0.017164947,0.05637969,-0.023885734,0.96718025,0.011470685,0.0028849877,-0.99194825,-0.6810474,-0.6683222,-1.0701255,-0.29448307,-0.41340944,-0.39758804
STUDENT_1544,-0.10591668,0.964232,1.0203186,-0.57651365,0.05172592,1.0988997,-0.02484516,0.9243447,1.0535803,1.0354613,0.05754535,1.5993577,1.3306814,2.26626,0.8213318,0.85803246,1.4155406
STUDENT_272,-1.0102996,0.009119605,-0.031400632,-0.40842083,0.045685742,0.08080034,0.03391946,2.0273907,1.0193688,1.0073934,0.010018215,-0.8897404,-0.45184392,-0.60934335,-0.47029608,-1.2929076,-0.6499003
STUDENT_1885,-0.044981528,-0.009877319,-0.015149381,-0.7595208,-0.01970792,-0.0040424913,-0.020233564,1.0073152,0.01617811,0.00035276636,0.059954427,-0.39416102,-0.7644202,-0.3353032,-0.5512225,-0.39947668,0.44892678
STUDENT_1771,-0.035912577,0.94624156,0.97372925,-0.3958287,-0.045973927,-1.0621092,-0.043601386,1.0467474,-0.9692065,-0.93327934,0.024024501,-0.40693122,-0.08918067,-0.13991377,-1.176031,-0.53115755,0.5037243
STUDENT_1661,-0.013854737,0.98876053,0.9939112,-0.21798816,-0.055325028,1.0009257,0.025073223,-0.028700616,-0.095151246,-0.019695524,0.022547588,0.2774987,0.31281957,0.31207085,0.775647,0.8792387,-1.0779984
STUDENT_1064,0.010705856,0.030691478,-0.043741494,0.5729901,-0.019071603,0.0043284,0.009792232,1.0096518,0.98706716,0.98461765,-0.9675074,-0.665023,-0.3323998,0.06281694,-0.96199375,-0.70418787,-0.48220786
STUDENT_1340,0.020460974,0.914529,0.99001896,-0.02354518,1.0055401,-0.03346686,-0.0137278205,0.057401393,-0.01774375,-0.021462303,-0.023036748,-1.0217903,-0.7319141,-1.0475564,-0.8812004,-0.5608186,-0.87578917
STUDENT_434,-1.051251,0.011463438,0.014426444,-0.35340577,-0.016340153,-0.9691826,-0.021121878,-0.06431714,0.02149217,-0.026173089,-1.0019945,-0.31096044,0.21408278,-0.11247467,-0.14904256,0.20637739,-1.3684748
STUDENT_843,-1.0291551,-0.018547859,-0.049816605,0.057041492,0.008259785,0.98086107,-0.03277891,-0.10451229,0.99679714,0.9171123,0.061761394,-0.38298604,-0.38478166,0.10435555,-0.8111443,0.5259223,-0.88088
STUDENT_713,0.004573253,0.005428885,0.027013026,0.6827878,-0.00039735704,-0.99060047,-0.017487258,0.02108946,0.028229387,0.021699052,-0.8890815,-0.050770104,-0.111666024,0.0035504792,-0.33212984,-0.17647135,0.44512147
STUDENT_1918,0.025273312,1.0488174,1.0261618,-0.82526827,-0.012556936,-1.010959,-0.03800381,0.017798033,-0.04883053,-0.03659768,0.020621583,-0.94835293,-0.84473175,-0.41090378,-0.62780833,-1.040466,-0.76500964
STUDENT_1484,-0.069249794,0.09573518,0.05901279,-0.48243296,0.018765105,0.009789094,0.02393777,0.042277794,-0.009217294,-0.007389996,-0.9446048,0.12975551,-0.7861712,-0.47726864,0.04830927,0.5383866,0.89498186
STUDENT_1531,0.007306856,1.0489807,1.0108526,-0.7064886,0.021489812,0.12191211,-0.052638926,1.8808315,0.006685244,-0.016876515,-1.0484142,0.5132462,0.3580638,0.7642269,1.5344384,-0.3452678,-0.13881749
STUDENT_62,-1.0261525,0.11152513,0.070600465,-0.37381592,0.026984422,0.9638531,-0.009167156,0.99592626,1.9243333,1.9637072,0.06696676,1.5913113,0.55924195,0.503198,1.72492,0.6213114,2.706933
STUDENT_1825,0.00036495645,0.97634566,0.99672997,-0.591683,-0.07697346,-0.10462065,-0.012885458,-0.033830162,0.06259055,0.084166184,-0.030739613,0.33079973,0.7498498,0.277414,-0.9765294,0.5574216,1.0300492
STUDENT_1908,0.02351972,0.99650174,0.99684596,-0.877347,-0.015541303,-0.061074987,-0.026355147,-0.07662809,-0.07645483,-0.06959437,-0.89563036,-0.26149762,0.17353342,-0.49147844,0.46620926,0.07912827,-1.3209218
STUDENT_715,-0.09754449,-0.03474438,-0.053360794,0.615967,-0.020156326,0.1331767,0.022427656,0.9696424,-0.03093679,-0.083292976,3.0703545,0.6154558,-0.45237625,0.39171714,-0.17663181,0.4336458,2.2323737
STUDENT_839,-1.0162677,-0.06737425,-0.02488957,0.2804749,0.018410517,-0.9983305,-0.005890987,1.0511702,0.99738926,1.02905,-0.9282747,0.47731546,1.3905677,-0.36677262,0.09389326,-0.029517656,0.9139488
STUDENT_293,-1.0366362,-0.0020191213,0.011604086,0.017096426,0.056496926,0.92642367,-0.0157165,-0.057961803,0.066961996,0.05098624,0.036333926,0.081865415,0.40623224,0.33086717,-0.7149937,0.4032603,-0.047960043
STUDENT_255,-1.0211532,0.009546195,-0.039979313,-0.66954243,-0.022073401,-0.0040771663,-0.0071013486,0.01862787,0.049240142,0.012437493,0.00018511713,0.06468137,0.21843044,0.4890607,-0.110727444,0.13465203,-0.3170277
STUDENT_445,-0.046965975,1.039269,1.0136665,0.16894366,0.04703356,-0.974311,-0.042263083,1.0386145,0.9707394,0.9652103,-1.0995587,-0.17125879,0.563006,0.5453548,-0.5410112,-0.048568226,-0.9616885
STUDENT_1917,-0.0026158122,0.9313336,0.8909632,-0.8115944,-0.09079799,0.054593787,-0.00330343,-0.10589981,-0.0619549,-0.013652623,-0.9165973,-1.9174105,-0.6535048,-0.16350074,-0.5467052,-0.820917,-5.025912
STUDENT_1870,-0.045722622,-0.023540799,0.03184413,-0.6930743,-0.02766271,-1.0223358,-0.015249304,-0.04147106,0.97084945,0.94948524,-0.958087,-0.18188782,-0.5320216,0.21722697,0.20946963,-0.9705269,0.30912164
STUDENT_94,-1.0926074,0.052423496,0.035933416,-0.5455793,-0.0138611,0.05786553,0.0036835605,0.9398407,0.9934208,0.9952956,-0.9983153,1.1542827,1.1279427,1.4928738,0.51927125,0.5372328,1.2083858
STUDENT_1927,-0.05079474,1.0341887,1.0021116,-0.72696126,0.0056964727,-1.0019994,-0.06565764,0.009756658,0.10759644,0.14506431,-1.0267863,-0.58262575,0.38873217,-0.41986355,-1.5184036,-0.3959054,-0.12016143
STUDENT_406,-0.93577373,0.005936374,0.04594295,-0.4072354,0.033784315,1.1000966,-0.036159642,0.962654,1.017584,0.97770363,-1.0346193,-0.42453688,-0.24070685,-0.66708994,-0.27006924,-0.7539117,0.27456954
STUDENT_87,-0.9987491,-0.0141155375,0.015043054,-0.7743393,0.03792629,0.043557078,-0.02802971,0.94840264,-0.014241882,-0.01592831,-0.95363945,-0.52343744,-0.61565554,-0.91279775,0.06177028,-0.3706097,-0.461965
STUDENT_83,-1.0583501,-0.029031273,-0.027218807,-0.5959295,0.057386402,1.0008495,0.04312987,0.024472926,1.0141252,1.0038115,-1.0013471,-0.00068042334,0.3044933,0.3144678,-0.44554618,-0.28332224,0.2136821
STUDENT_506,0.013444957,0.9586776,0.97967285,0.1581048,-0.023502143,-1.0330452,-0.026918449,-0.023588613,0.017384076,-0.002905812,-1.0091807,0.35323617,1.1397983,0.25336653,0.11493923,0.17587589,-0.17325982
STUDENT_567,-1.0099479,0.09185854,0.0007487647,-0.08735077,0.0005030307,-0.95708996,-0.014245174,0.9372425,2.079512,1.9998654,0.024802014,0.45258012,0.18134113,1.3582159,0.8680698,-0.6398408,0.23367234
STUDENT_1104,0.21614997,0.99055845,-0.019683,0.8637503,0.02140106,0.018921152,-0.018899493,-0.119637385,0.02476384,0.057433847,3.0068197,1.6996869,1.9979717,1.685734,1.2110724,1.3041513,0.9124758
STUDENT_1831,-0.0836003,1.0107027,1.0034999,-0.67984384,-0.027313406,0.014767662,-0.009827307,-0.02667464,0.09367658,0.08451219,3.0439754,-0.27948692,-0.17898832,-0.40456325,-0.22673254,-0.31074727,-0.025817256
STUDENT_586,-1.0561067,0.045134332,0.0144173615,-0.3882011,0.012777674,-0.9387928,0.040453233,0.037473265,0.03745547,0.07446849,0.027945265,1.0442337,0.64160955,-0.09642899,1.368418,0.93455535,0.992409
STUDENT_450,0.029044196,0.022867505,-0.031817578,0.38608485,-0.016233223,0.0020323545,0.0021328712,-0.058556657,-0.019689394,-0.02752268,-0.9467037,0.71472585,1.3319963,0.2093717,0.66291237,-0.48780003,1.1268476
STUDENT_1684,-0.021084506,0.015790049,0.015813965,-0.001634981,0.0028252425,0.0075176805,-0.032493375,-0.010373663,0.014595615,0.008296926,-0.011296794,0.84662724,0.70835847,0.6751025,1.0300758,1.0323249,-0.07900779
STUDENT_221,-1.0057337,0.014338617,-0.015252497,-0.77336985,0.021571642,0.010357633,0.036763363,-0.028092273,0.032830104,-0.007868718,-0.9591052,-0.45387015,0.14552265,-0.7439628,-0.8104934,0.13931172,-0.5393045
STUDENT_1627,-0.034560505,1.0288609,0.9798697,-0.07388534,-0.028929137,1.0490388,-0.0328482,-0.03535759,1.0166373,1.0216948,0.063089415,-0.45818052,0.2754299,-0.7331341,-0.68733793,-1.019798,0.39741692
STUDENT_397,-0.99863774,0.015404408,-0.002711963,0.12718347,0.02280577,-0.94521767,0.032944337,-0.026789796,0.022955084,0.021112848,-0.9529973,0.6033807,0.8200961,0.86610913,0.30810472,0.718769,-0.20910048
STUDENT_92,-1.0370058,0.017927129,-0.05968043,-0.5786235,0.027442789,0.074770406,0.01344476,0.97796404,0.017204242,-0.0020601861,3.059469,-0.22926432,-0.37636307,-0.30053154,-0.24979816,-0.24126263,0.26347575
STUDENT_1655,-0.03900822,0.9646316,0.9898416,-0.07760349,0.0014985624,-0.021362022,-0.041470252,0.038108703,0.050340526,0.049896102,0.029294252,-0.4776253,-0.81851786,-0.23561968,-0.08779588,-0.2714991,-0.5075338
STUDENT_1928,0.008105901,0.9977465,0.9766135,-0.9601641,0.93225133,-0.059360787,-0.059863828,-0.009205837,-0.04058957,-0.033621315,0.022782803,-0.14656278,0.012501834,-0.16763587,0.36530438,-0.27508268,-0.42660427
STUDENT_269,-0.9077545,-0.026828382,-0.007981997,-0.69695026,-0.056699153,-1.0056735,-0.04047417,0.0052119233,1.9635477,1.901145,0.1049325,0.0103923315,-0.016255854,-0.08862903,0.71486133,-0.75471544,0.17435594
STUDENT_1344,-0.038534384,1.0468276,1.0325713,0.011298206,-0.03306924,0.039491646,-0.0019570654,0.9413357,0.9352711,0.9304946,-1.0054777,0.5488969,1.0110828,-0.30697927,1.1107373,0.19823433,0.06175221
STUDENT_1693,0.029498186,0.009353158,-0.03879034,0.10154328,0.028662661,-1.0550771,-0.009849749,0.04790042,0.047511846,0.06052323,1.0272268,-1.1497725,-1.3789464,-1.4487622,-0.43943685,-1.1056455,-0.2795039
STUDENT_777,-0.063015595,0.039911736,0.023028571,0.9399691,-0.07622278,-0.04660286,-0.07852482,0.083103985,2.9818091,2.9535048,-0.90683514,0.4645085,0.97691244,-0.31156465,1.0173475,-0.7618804,1.018381
STUDENT_1493,-0.0442532,-0.0016473038,-0.020082835,-0.5718495,-0.022430489,0.026504472,-0.03369779,1.0089934,0.0102278795,-0.016516116,-0.0016729683,-0.13111758,-0.30420285,-0.048347317,0.18673402,0.25880292,-0.7587472
STUDENT_1088,-0.964113,0.023332853,0.07851751,0.7656083,-0.07112489,-0.016549464,-0.049710773,0.02366523,-0.046075433,0.006612722,-0.9355386,-0.13288195,1.129305,0.039967157,-0.18585283,-0.42810833,-0.70861554
STUDENT_1834,0.0069374116,1.037178,1.0141792,-0.6022101,-0.07183689,-0.026649013,-0.007016531,0.94116956,0.009291815,-0.0015023984,-0.98914343,-0.82806474,-0.8491556,-0.18221399,-0.37070364,-0.70887864,-1.1268191
STUDENT_43,-0.9475948,-0.0040248362,0.026030209,0.6007293,1.0290191,0.10964073,0.0039861435,-0.10756868,-0.015132358,0.012217034,0.008529246,0.6463583,1.0118634,1.3251077,0.36047363,0.8052709,-0.74699724
STUDENT_1259,-0.08172808,-0.036894377,-0.00060021505,0.5554622,-0.06615709,-0.3206982,3.8190854,-0.019028362,-0.88956136,-0.9112335,0.036332294,1.6829059,1.332641,0.051500864,1.4430482,1.3790258,1.8979563
STUDENT_190,-1.0030639,0.0016644718,-0.033180498,-0.3613941,0.0016261685,0.013255224,0.020017989,0.029801551,0.055836797,0.014588103,0.031222112,-0.5392464,-0.45157152,-0.39256957,-0.4793805,-0.52214813,-0.24771564
STUDENT_228,-1.0127536,-0.047864567,-0.048501614,-0.7303652,-0.0037834132,0.006493807,-0.028523825,0.02657495,0.018478287,0.048772436,-0.98563266,-0.61007375,-0.8477891,-0.5675982,-0.24181624,-0.88141334,0.118286155
STUDENT_641,-0.0063671907,0.0181125,0.051274333,0.7450977,-0.011157508,-0.0017851703,-0.012602373,-0.02859842,-0.03816986,-0.008622374,-1.0059623,0.84430426,1.2229595,0.7585602,0.49872476,0.40566352,0.5896432
STUDENT_1100,-0.02996761,-0.0008285744,0.14363053,0.75115085,0.8164671,2.0276055,0.16987385,-0.041896295,1.0548981,1.0500244,-0.120216,-0.12411513,0.5944254,0.83228284,-0.9619637,-0.59020245,-0.055213843
STUDENT_1752,0.05266745,1.0530562,0.9864389,-0.3461994,0.02033387,-4.9814582e-05,0.0023082579,0.05235747,0.97608584,1.0005792,-1.009878,1.4566063,0.8018324,0.9807752,1.9812481,1.8987721,-0.01938099
STUDENT_116,-0.9892754,-0.00095471274,0.010604214,-0.19582248,-0.03474179,0.024617717,-0.028817229,0.018560093,0.9643884,0.9651507,-0.9522602,-0.427001,-0.034412354,-0.8867458,0.1503722,-0.4349574,-0.47445002
STUDENT_362,-1.0324243,0.018801484,0.038429413,-0.09230353,0.010568299,1.0100659,-0.037493534,0.9629898,1.0643088,1.0348246,-0.07247509,-0.5066477,-0.15839869,-0.56112736,-0.22771285,-0.85903585,-0.1684245
STUDENT_257,-0.9992509,-0.031552512,-0.026373196,-0.66557866,-0.051500496,-0.07239272,0.018152058,-0.01600748,-0.9771094,-0.97999007,-0.9609466,-0.3512609,-0.70686424,-0.18789455,-0.20103185,0.013730379,-0.27204743
STUDENT_1223,0.023343474,0.02541757,0.031321604,0.86222786,-0.039282285,-0.9000692,-0.009949899,-0.023531925,0.02909563,0.056524176,-0.028523311,1.1938843,1.2163054,0.68151224,0.645896,0.5506037,1.6408592
STUDENT_1618,0.022459056,0.97864324,1.0015424,-0.08675933,-0.020791704,-0.96823597,-0.003631479,-0.025401957,0.018247383,-0.0015824698,-0.9546984,0.054944735,0.49383986,-0.63282055,-0.1581669,-0.16602015,0.7554102
STUDENT_1518,0.042001735,0.9946397,1.0007899,-0.69531196,-0.029889124,0.07992567,-0.027877845,1.9703718,0.98269343,0.98106414,-0.98517805,0.716103,0.6963671,0.77600354,0.0016335957,0.48449674,0.990784
STUDENT_185,-0.95562273,0.02274235,0.05676413,-0.5536698,-0.012494176,0.08272346,-0.04947085,0.022363383,0.02628438,0.022894088,-0.9902774,-0.09331706,0.26832494,-0.9343078,0.2942842,-0.04216644,-0.055687826
STUDENT_1487,-0.012375149,-0.0044092415,0.0908342,-0.4858884,-0.039502952,0.0048454553,0.0075273747,0.9594791,1.049821,1.039348,-0.93123835,0.50314254,-0.08039297,0.012747044,-0.17070252,-0.22630347,2.39122
STUDENT_8,-0.047415424,-0.006575565,0.01261482,0.7463293,-0.0072130775,1.0680063,-0.04694929,1.0782349,-0.15004726,-0.13021825,0.112045914,1.51676,1.5508758,0.9703405,2.8828614,-0.47564527,1.1738163
STUDENT_25,0.15974343,1.0142691,0.037257936,0.84978706,0.044114884,0.05285041,-0.023973025,0.9085157,1.028179,1.0328945,-0.9432605,1.2614634,2.147467,0.67114127,0.08080222,1.7974262,0.34036446
STUDENT_29,0.17800759,0.9546142,0.022730466,0.79172975,0.006572538,-0.9748374,-0.041882403,0.104388356,0.014770703,-0.010282075,0.04077138,-0.6254743,-0.43017888,-0.58594286,-0.79334474,-1.0497235,0.464968
STUDENT_32,0.2374773,1.027797,-0.011014294,0.91622823,-0.07155731,-1.0097278,0.003921726,-0.004999455,-0.016395641,0.00012728944,-0.00017692149,2.5357401,2.3362615,2.7990274,1.7131171,1.5314059,1.9247952
STUDENT_34,0.18848959,0.968429,0.0266187,0.7479702,-0.059023093,0.06220354,-0.044320405,-0.038084146,0.0072421525,0.013297502,-0.91573197,-0.56348395,-1.0487007,-0.09566077,-0.61390024,0.07147608,-0.51345164
STUDENT_42,0.27145344,0.9356201,-0.08250089,0.84820503,0.9087808,0.0060557276,0.018463425,0.9311149,0.99812156,0.99659353,2.9316769,1.1780078,0.69537264,1.3870106,1.0074759,0.97116476,0.7234862
STUDENT_82,-1.067284,0.053079654,0.0048030354,-0.6188276,0.03999525,0.047809273,0.08669532,0.015925098,-0.07340978,-0.06814681,-1.0952681,2.09629,1.4366693,1.5975175,1.8191845,1.5670223,1.973663
STUDENT_89,-1.0602597,0.027325224,-0.0054867454,-0.8833894,0.035879087,1.0969216,-0.032384478,-0.0065672025,0.025668846,-0.019548323,3.0696018,-0.40707716,0.029941158,-0.8721056,-0.3076112,-0.16438904,-0.4117713
STUDENT_90,-1.0025262,0.052754838,0.01864015,-0.57841116,-0.026518034,1.0102626,-0.0017784303,0.95699584,0.9971934,1.0143481,0.023081511,-0.070695795,0.5189758,-0.37547833,-0.85645324,0.62664527,-0.24270229
STUDENT_99,-1.0697675,0.12203414,0.01693185,-0.5719209,0.010311124,0.11565389,-0.02922707,1.0379722,3.0042527,3.0466053,0.07518475,2.714352,2.8333013,1.6131178,1.684535,1.2833811,3.4364724
STUDENT_195,0.28025874,0.9920319,0.007994179,0.6779127,0.0334502,0.0041625574,0.030997276,-0.049218412,0.027046936,0.002973307,-1.0081434,2.0259383,1.8131244,2.0757005,2.174187,1.4726077,0.50927615
STUDENT_300,-0.008495855,0.015022487,-0.029176306,0.8142818,-0.04616299,1.0625317,0.0075670267,0.91031694,1.9225878,1.9314215,-0.029143736,2.0291674,1.6407608,0.97386086,2.8610373,1.5538186,0.7399477
STUDENT_318,-0.9894241,-0.050487068,-0.04941028,-0.7237142,-0.02790636,-0.005359724,0.031115927,0.0078081526,1.0363533,1.0253538,-1.0203942,-0.717484,-0.17120776,-0.3579875,-1.0976121,-0.98150456,-0.015413255
STUDENT_321,-1.087715,-0.07260684,-0.06987044,-0.7723376,-0.0064607924,-1.065087,0.0039712274,0.98558974,1.9844509,1.9624075,-0.94418114,-0.37827948,-0.28082967,0.13971798,0.16488428,-1.014737,-0.37830755
STUDENT_322,-0.9967326,0.013019939,0.031659145,-0.7070608,0.01883856,0.9458506,-0.0020465767,-0.053006995,0.97042185,1.0258677,-0.9930199,0.044937022,-0.4522205,0.87261164,0.33477455,-0.12343513,-0.19487713
STUDENT_332,-1.0221812,0.0045134025,0.048044343,-0.57585126,-0.000793117,-0.91473496,-0.02739305,1.059233,-0.01596228,-0.020735603,-0.89248484,-0.21763413,-0.06800539,-1.1307801,0.111425474,-0.47257388,0.6210121
STUDENT_556,-0.0458721,0.019282822,0.005520966,0.31970248,0.02934601,0.10717404,0.011404076,1.929255,0.09848826,0.11604901,-0.8754129,1.6234659,1.9153185,1.1612701,1.3879293,0.52531344,1.5405208
STUDENT_575,0.018809851,0.016306963,0.02902564,0.3631969,0.051467996,-0.0024911165,-0.0089420965,-0.054199647,-0.009996129,0.0020196475,-1.0268662,0.86940503,0.8626079,1.2082733,1.058418,0.32377878,0.068019725
STUDENT_589,0.20958287,0.97945184,0.045798082,0.70135176,-0.019911932,0.037290692,0.049165018,-0.035591852,1.9244987,1.9362714,-0.97621924,0.8010266,1.1596119,1.3134135,0.28422472,0.52164394,0.09672268
STUDENT_590,0.2018517,1.0360601,0.016248357,0.69977134,-0.029176416,-0.9704857,-0.048913486,0.032078315,0.9225578,0.96270925,-1.0294439,-0.09589057,-0.3054419,-0.30669138,0.7081624,-0.2389801,-0.28017315
STUDENT_591,0.32034582,1.0205015,0.17385161,0.64383966,-0.078911036,-0.9465527,-0.07415687,0.06292234,0.8322676,0.8898344,-0.97533673,-3.0393426,-0.6016855,-1.1888597,-0.27286336,-4.766792,-4.6121125
STUDENT_593,0.052095693,-0.002934697,-0.0017343499,0.349244,-0.011059645,0.9792641,-0.008965663,-0.013106238,1.9649137,1.9541552,0.042825356,0.53988606,0.8308186,0.16123192,0.1787899,0.25989667,0.6547184
STUDENT_600,0.12112473,1.0432755,0.016859885,0.77350736,0.92712194,-1.0048664,-0.05008456,0.05346373,0.022990214,0.04133213,-0.9372143,-0.18956576,-0.7603653,0.6232283,0.1621389,-0.4840695,-0.28353631
STUDENT_601,0.052163552,0.06578275,0.001828108,0.48097435,-0.04384425,0.986953,0.068087734,-0.06810349,2.9320242,2.8925874,-0.08749719,1.5483518,1.5964645,2.0325665,1.7982054,0.5326833,0.3436345
STUDENT_602,-0.018213965,0.05138472,0.029456075,0.3980185,-0.00958925,0.0033478215,-0.030101188,0.9841515,0.019005494,0.010850985,-0.9025558,0.7877251,0.52349013,1.0996789,0.62467116,0.9174146,0.0124270795
STUDENT_651,0.23847413,0.9834824,0.021357488,0.8481849,-0.05880328,-0.021629795,-0.10985207,1.0495414,0.055940747,-0.023893159,2.9006424,0.23972724,0.2639131,0.26434362,-0.6388601,-0.16352539,1.2288897
STUDENT_791,-0.07119432,1.0716065,0.9604837,0.5347886,0.02288722,-0.9562999,-0.07735379,0.84882516,-0.0032615494,0.0059474744,0.9838365,2.521897,2.7351792,2.2505362,2.3392477,1.4192028,1.4873561
STUDENT_813,-0.0065310923,0.07670723,0.0018505119,0.6347713,0.0071906494,-1.0328225,-0.08366714,0.9344433,0.977272,0.9690158,-0.08280526,1.315893,1.1584641,2.1647406,0.9966008,0.93194747,0.16897218
STUDENT_814,0.07278172,0.0032257559,0.0014657825,0.6874633,-0.0027276492,1.0400414,0.023489513,0.006330285,1.9966124,1.9743265,-0.016580746,0.9545058,1.2790517,1.1527007,0.14948899,0.75624406,0.60702276
STUDENT_815,0.26048285,1.0753633,0.013473634,0.629305,2.0018501,0.038824454,0.044479854,-0.061670925,0.9907424,1.0615231,-0.85251266,0.0026825452,0.22467153,-0.13261916,0.10025798,0.3191547,-0.59611714
STUDENT_818,0.038070392,-0.061859187,-0.009109091,0.623447,-0.015601535,-0.9368526,0.029928379,0.00882202,0.027382376,0.031376425,-0.021755658,0.96322006,1.4614989,0.84935474,0.74511856,0.18483071,0.60458696
STUDENT_826,0.04254594,0.99367064,1.0012316,0.56384486,0.0007625866,-1.0312773,0.060724698,-0.012328815,-0.9932736,-0.9553693,-0.93743676,0.27927393,0.6563886,0.5620525,-0.29314065,0.16254836,0.19501539
STUDENT_827,-0.02329893,1.0252352,1.0320251,0.53096014,-0.015609789,-0.008129239,-0.022298314,-0.08527681,0.025000663,0.034987915,0.02913338,0.2194309,0.24644959,0.39671552,-0.09137277,0.08707281,0.27519682
STUDENT_866,-0.016540471,1.0212313,0.98185474,0.14116088,-0.044123355,-1.0043758,-0.02912648,0.994177,-0.002439646,0.017775003,-0.96073526,0.104936376,0.48156995,-0.28723827,-0.1150956,-0.03575673,0.4888523
STUDENT_869,-0.042351652,0.9070105,0.93203855,-0.017563868,-0.070981234,-0.90045416,-0.08458539,0.96796215,0.04192695,0.02796391,2.0118337,-0.28750953,0.13057393,-0.5589501,-0.5967773,-0.5760862,0.5392237
STUDENT_872,-0.009340162,1.0031668,1.0406902,0.16627103,0.011829582,0.00600715,-0.016366594,0.9433827,2.0337863,2.0239375,0.010247037,0.5504429,0.1769459,0.35867965,0.62794626,0.5845384,0.32896736
STUDENT_886,-0.08511737,1.0083678,1.0597914,0.092416525,0.041277964,0.036342725,-0.054911308,0.93143725,2.9271207,2.9285715,-0.89807975,0.86455274,0.6433167,-0.5365402,1.000642,0.082647644,1.9773146
STUDENT_895,-0.003972235,-0.03119472,0.01228445,0.22896945,0.022765515,-0.03754525,-0.052339397,-0.024591096,0.006798608,-0.0061217956,1.03969,-0.071230166,-0.061629713,-0.02426896,-0.13437523,0.07404571,-0.18422623
STUDENT_898,-0.031214941,0.01169086,0.070983194,0.28830373,-0.027403379,0.95045495,-0.016466849,1.0620847,0.88951665,0.8855843,-0.83210987,0.29684147,0.20121767,0.080438495,0.69777495,-1.0030073,1.2734977
STUDENT_900,0.015719052,0.9609855,0.9910138,0.121889845,0.0040901275,0.024419561,-0.011116422,-0.01629385,-0.05151745,-0.014984358,-1.0080601,-1.1422194,-0.46984354,-1.4603546,-0.47013617,-0.46389592,-1.6799318
STUDENT_901,0.0011196928,-0.018902432,0.0032356344,0.29978055,0.0050318213,0.07269259,-0.026898183,1.0018768,1.0293739,1.0536414,1.9873842,0.2976084,-0.34634298,0.6093144,0.3037523,0.46168157,0.2017933
STUDENT_903,0.032806966,1.0550488,1.0302243,0.6005573,-0.015090021,0.07426727,-0.010332993,0.06419256,0.0037077982,0.03765874,-0.9646912,0.83166665,1.3485771,0.9350029,0.22255382,1.1362969,-0.15341486
STUDENT_904,-0.041566048,0.98581356,0.9541534,0.1680935,-0.056471866,-0.9855614,0.05386573,-0.021296661,-0.9651716,-0.9647466,-0.03340827,-0.35603017,-0.07303873,-0.09748469,-0.55912447,-0.51824623,-0.01467646
STUDENT_909,-0.03974763,0.89137685,0.94973946,0.102101356,-0.04073142,-0.8345171,-0.02634164,1.0283507,0.06466846,0.0622056,3.113694,-0.1280636,0.11331678,-0.6949216,0.07758671,-0.66164726,0.6939274
STUDENT_910,-0.084426165,0.94752735,0.9258765,0.055002626,-0.061613772,0.009514764,-0.0620609,1.9365269,0.013867246,0.025097568,3.0478127,0.7840507,0.93011457,0.15771236,0.90621626,0.60131896,0.5183263
STUDENT_912,0.030920293,0.9111846,0.9821477,0.17589858,0.10931504,1.1330345,-0.083477505,-0.109599605,0.96346456,0.94850534,-0.12558961,1.2480003,0.21387643,-0.16898924,0.6908552,1.0645525,2.7971065
STUDENT_913,0.0048221024,0.9696683,1.0438342,0.17658716,0.0018221858,-0.0700948,-0.008774391,-0.07795033,-0.043550298,-0.027128678,-0.94391435,0.96826094,1.1549453,0.08105941,0.809192,0.7143631,1.0243796
STUDENT_914,-0.0005076369,0.0020414041,0.028974604,0.28474393,-0.0587369,-0.96448505,-0.0061098738,0.9890597,0.06601115,0.06317027,-0.9141941,-0.5353738,-0.52012515,-0.17203459,-0.76196,-0.18282041,-0.5056583
STUDENT_915,0.023686755,-0.000818382,-0.015527565,0.16812912,0.03203481,-0.92639214,-0.05091083,-0.0058770142,-0.9515678,-0.95706505,0.03730537,0.59399635,0.81374437,-0.17587365,1.0219529,0.055675484,0.54967564
STUDENT_921,0.00327338,0.99455744,0.97414404,0.11826527,-0.03729822,-0.04027073,-0.03262054,0.017950598,0.06119076,0.08880013,-0.0068214685,-0.23938312,0.5425585,-0.38652918,-1.1542599,0.3187959,-0.13607313
STUDENT_935,0.024063136,0.9799583,0.913687,0.51772124,-0.04543769,0.05441547,0.05610142,0.9792298,-0.98614275,-0.94973737,-0.92767084,1.0682728,1.0707788,1.0325475,0.3731224,0.7375251,1.091571
STUDENT_958,-0.028868508,1.0263922,1.0310256,0.33878192,0.1035556,0.13717176,-0.075374834,1.0740978,3.036848,3.0552304,2.0563073,1.4406716,2.6630793,0.310327,0.24380565,1.4271497,1.1979486
STUDENT_979,-0.09010773,0.99287236,1.0092429,0.49584246,0.016954666,0.9781045,-0.11940479,-0.1479465,0.06263389,0.12205209,0.99832255,1.9382877,2.179479,1.1927617,1.6990184,0.77092075,1.9923438
STUDENT_982,-1.0072935,0.003252861,-0.106294736,-0.68667805,0.019673614,0.12745066,0.024616577,0.9298024,1.0366162,1.0544828,2.0597525,0.51606923,-0.749728,0.99564767,0.24058147,0.72555614,0.78117406
STUDENT_983,0.2601313,0.87264544,-0.024131525,0.5360117,0.00034375966,0.042997062,-0.091956474,1.0441488,0.0362665,0.0191097,-1.0152245,-0.19235034,-0.08768569,-0.40134922,0.39737266,-0.09463101,-0.64479154
STUDENT_992,0.24494627,1.0220121,0.05193347,0.6394129,0.015957957,-1.030738,-0.046165645,-0.0005520843,0.0335922,0.031859722,-0.97305876,-0.25587383,-0.030844076,-0.33336395,-0.102115795,-0.19944954,-0.35430896
STUDENT_993,0.21225391,1.068589,-0.029843029,0.6348803,-0.009392313,-1.0280639,0.048739884,1.0645475,-0.042606696,-0.038750645,-0.88195497,0.6132626,0.6634389,1.0987917,-0.31188697,1.0562987,0.116703734
STUDENT_1013,0.2895856,0.892427,0.11714339,0.5872682,-0.020232053,0.9663001,-0.050931416,0.8596002,2.968415,3.0376742,0.17427357,0.53074765,0.8653292,-0.7222268,0.38156742,0.8932592,0.5371955
STUDENT_1015,-0.9816733,0.040710445,0.03010359,-0.62730056,-0.00015440851,-0.034572363,-0.0033505177,0.006416429,-0.049619332,-0.0014723651,-0.9466305,-0.32899454,-0.1978663,0.44884914,0.20458736,-0.9901674,-0.56133294
STUDENT_1017,-0.04363146,0.03506996,0.057923187,0.70851505,0.03166383,0.0020820051,0.024253733,-0.013375893,0.040769048,-0.00857706,0.8891222,1.3234235,0.93287873,2.8667746,0.34748673,0.79933584,0.70513886
STUDENT_1022,0.20607266,0.9612464,0.09019941,0.7383645,-0.10968761,-0.05636452,-0.045928553,0.0774028,-0.8533252,-0.8279836,-0.08198856,-1.2647669,-0.9795812,-1.800948,-0.18277961,-1.2033018,-0.9629302
STUDENT_1023,0.15321165,0.9986535,0.039217073,0.63593805,-0.033897776,-0.8643014,-0.10397074,0.024486061,0.056748018,0.04056168,0.9550654,0.33505937,-0.70647854,0.65279496,-0.31052622,0.252069,1.4750122
STUDENT_1024,0.22029455,0.9955556,0.019610977,0.626102,-0.04306427,-0.95964015,-0.016948815,0.025166098,-0.042987905,-0.076755255,0.056574643,0.092244044,0.39779872,0.15979114,-0.4059093,-0.028853407,0.402104
STUDENT_1026,0.21282405,0.9008204,0.033932697,0.7206099,0.010432717,-1.0626129,-0.046701014,0.03075603,-0.92519385,-0.95862836,-0.9452263,-0.61805683,0.020072253,-0.6721517,-0.3125907,-0.93158144,-0.5128985
STUDENT_1027,-0.9667395,-0.018669304,-0.08195762,0.6728797,-0.00026347756,-0.92687243,0.057480596,-0.0019196756,-0.9769524,-0.9528379,-1.0046737,1.0952821,2.1897137,0.32681754,0.9165977,0.88374376,0.10055719
STUDENT_1028,0.1649214,1.0212424,0.036638293,0.6416994,-0.02916597,-1.0475326,0.04611201,-0.007922452,-0.042995714,-0.024470638,-0.92799324,0.8360335,0.7540243,1.3111079,0.47846365,0.8038417,0.15580101
STUDENT_1029,0.19487754,0.9491937,0.051629793,0.68484175,-0.026317814,-1.0287105,0.01444284,0.04796912,-0.087038696,-0.0998684,-0.95787865,0.41243896,0.11148928,0.76871157,-0.05102815,0.1447405,0.8344017
STUDENT_1030,0.21061862,1.056843,0.1419325,0.5641978,0.84829426,-0.0012115091,-0.063922636,0.99038136,1.9930245,2.054909,-0.7222851,0.1574458,-0.20646326,-0.33604786,-0.056459654,0.517041,0.7047157
STUDENT_1032,-0.014747585,0.05672649,0.005824331,0.7489028,0.044542406,0.95167834,-0.008815995,-0.035592508,-0.057257026,-0.06726119,-1.0503104,1.4273156,1.1371275,1.489713,1.0681071,0.9422901,1.08173
STUDENT_1033,0.1940028,1.0315924,0.093269184,0.72588235,-0.012354258,-1.080654,0.024369553,-0.02503438,-0.03808123,-0.032041203,-0.08843717,0.4418774,-0.22144464,2.220618,-0.5243249,0.3021582,0.3471217
STUDENT_1034,0.010897324,0.009099175,-0.009567391,0.65515554,-0.062315527,-0.9802433,-0.009995273,-0.03701582,0.98167497,0.9620587,-0.95824426,0.3820588,0.66548765,-0.085927114,0.18176031,0.42367205,0.3919396
STUDENT_1035,0.0033210153,-0.014411378,0.027182361,0.6914728,-0.038479235,-1.0206163,-0.014537214,-0.007181231,0.047672264,0.055544663,-0.9264977,0.41789195,0.6894758,-0.11415102,0.055297155,0.12148679,0.9401181
STUDENT_1036,0.07516825,-0.008851814,0.006286841,0.5782313,-0.075023144,1.0422167,-0.051817887,0.9459032,3.989182,3.9840405,0.019472733,1.9498986,1.7180673,1.7989976,0.73706234,1.1445459,2.4084325
STUDENT_1037,-0.049238373,-0.0021661175,0.031837493,0.62207127,0.034479916,1.0129613,0.044707514,-0.00026401505,0.07412479,0.04338116,0.0014920384,0.6846405,1.4592572,0.8018331,-0.27065647,0.17128539,0.6884066
STUDENT_1041,0.18987629,0.95121473,0.023289535,0.6513082,-0.034952823,-0.015183743,-0.048589714,-0.04850139,-0.009243788,-0.007329341,-0.99994713,-0.2897416,-0.30383506,0.06480261,0.21969049,-0.32219476,-0.66775036
STUDENT_1044,0.25650758,0.9280675,-0.04930904,0.7074811,-0.08065745,0.104235634,0.054261424,-0.017288052,-0.03679406,-0.024298202,-0.92360276,0.9462121,-0.18871929,1.8310544,0.28888872,0.483856,1.6936586
STUDENT_1045,-0.02859233,0.02874991,0.010873407,0.6271176,-0.02301328,0.10159202,-0.030821376,-0.03245276,1.9981786,2.0146403,-1.0056282,0.46987262,-0.15799274,0.9944856,0.048823606,0.5600416,0.56038344
STUDENT_1074,0.042264458,1.0328234,0.9854617,0.39961573,-0.06626434,0.025254607,0.00030640606,-0.085446194,-0.023678297,0.0027644522,-1.0311733,0.13301721,0.40864998,-0.1385967,-0.49343294,-0.007182991,0.8676049
STUDENT_1075,0.0011348696,0.9945138,1.0435739,0.41988957,-0.014996211,-0.05344154,-0.008206985,-0.07728498,0.015750023,0.032864947,-0.034172714,1.4666091,1.7970829,1.5218875,0.90018564,0.98039293,0.8636544
STUDENT_1076,-0.0010726629,0.9820736,1.0017153,0.36831993,-0.009621101,-1.0023526,-0.057361804,0.07349326,1.9710855,1.9273683,-1.0684214,0.79184,0.97328395,1.3583987,0.7844483,0.40476692,-0.27688852
STUDENT_1077,-0.02941962,0.9175233,0.9734889,0.44036368,0.003479165,-1.0155698,0.03962875,-0.020538222,-1.0337266,-0.9855889,-1.0147359,0.9322781,1.5553454,-0.123448275,0.63472223,0.62657267,0.960119
STUDENT_1078,-0.00083232205,1.0070207,1.0213768,0.44779024,-0.046572383,-0.031342,-0.05670108,-0.049054008,-0.059212,-0.018030893,-1.0222201,0.78502995,1.2743438,0.4773204,0.023437914,0.92311656,0.53761196
STUDENT_1081,0.024464976,1.0453168,0.9739863,0.380095,-0.021234604,0.037883684,-0.034358643,0.02629507,1.9758502,2.006552,-0.039315328,0.12922768,-0.7270475,0.7528596,0.046098363,0.19588307,0.15639946
STUDENT_1083,0.024862822,0.98170346,0.9922229,0.3997957,0.028717255,-0.93330526,-0.013795189,-0.032994565,0.12199555,0.122116566,-0.98774046,0.7614219,0.42961705,1.1692889,0.10364415,1.2626708,0.0013560718
STUDENT_1084,0.051693667,1.0239911,0.95787203,0.43462503,-0.01152547,-0.07098365,-0.023457192,0.061812613,1.9518015,1.9416819,-1.0263511,0.6750896,0.395925,1.7139641,0.53180784,0.56765765,-0.3066716
STUDENT_1085,0.031916376,1.0047566,1.0164363,0.36808452,-0.02689662,0.0066653937,0.00797201,0.048133764,0.020856606,0.040696938,-0.92692834,0.07769456,-0.14924026,0.76159465,-0.4601106,0.5622345,-0.31772685
STUDENT_1107,-0.029588576,0.07795944,0.011791665,0.87236845,-0.021038147,-0.8873767,-0.03679376,0.97547066,1.9709212,1.9572608,-1.0161875,-0.25405684,-0.3451758,-0.6648381,-0.09326576,-0.5783013,0.7277981
STUDENT_1111,0.2372264,1.0240054,0.046573203,0.7750448,-0.09918817,-0.0875936,-0.06303596,0.023319889,-0.057930313,-0.061143678,-0.9684681,-1.0783591,-0.20891885,-0.9987862,-0.9964631,-1.451098,-0.5420094
STUDENT_1112,-0.01599517,-0.0115998415,-0.088012084,0.70589364,-0.061166305,-0.014308155,-0.021425702,0.11802146,0.9692309,0.95469975,-0.107676774,0.56972164,0.7441428,0.071003415,1.6573422,-0.417159,0.13927394
STUDENT_1117,-0.09239264,0.06780023,-0.114433855,1.2461369,-0.09515482,-0.054556593,0.13672249,0.084350556,0.108986214,0.14161004,2.7797105,1.9780077,-0.29553047,3.6592028,1.9137096,1.4968511,1.3541561
STUDENT_1120,-0.05597004,-0.07049086,-0.036124896,0.9295917,-0.10112344,-0.09361032,0.039504893,-0.06595492,-0.05765511,-0.1393412,0.89084697,3.064655,1.3930619,2.3919332,3.002747,1.4879631,3.9406993
STUDENT_1122,0.22794862,0.9759993,0.040443886,0.8518087,-0.026730949,0.055516005,0.008074374,-0.03366072,-0.95434844,-0.9462878,0.08879532,-0.21851376,-0.11502932,0.22695714,-0.110632345,-0.056558497,-0.7062223
STUDENT_1123,0.24758893,1.0186293,0.011778865,0.76949304,0.029103471,-1.0330856,-0.033963986,-0.0301761,0.056576252,0.021547016,-0.9316801,-0.15720032,0.3220181,-0.17632377,-0.25529677,0.15609986,-0.64534914
STUDENT_1124,0.0013451176,-0.01085225,-0.014076281,0.81561476,0.010627008,0.015726618,0.014046528,0.012882594,0.010310518,0.036729876,-1.0339669,1.1115326,0.89168715,1.4823895,0.24070238,0.81335926,1.1970452
STUDENT_1125,0.20030585,1.0559741,-0.022099372,0.7965149,-0.00062464445,-0.9987848,0.015911736,0.07105367,1.0750638,1.1280127,2.778841,1.1937978,0.36877942,1.7583026,0.34987268,1.850152,0.4889674
STUDENT_1127,0.014349942,0.026731018,0.041570205,0.80123305,-0.052913193,-0.88705355,-0.05624955,0.8950127,1.0642554,1.0263566,3.0632386,0.7450751,1.6035306,0.38357866,0.67989665,-0.18708749,0.6689284
STUDENT_1137,0.19788265,0.99167734,0.06969488,0.8542096,-0.053416703,0.0073625,-0.0034518233,-0.050700273,-0.040312245,-0.045290153,0.11385994,-0.60579604,-0.9331237,-1.3085786,-0.8473306,0.19802096,0.28831437
STUDENT_1140,0.23434918,0.9410885,0.00074701384,1.0182521,0.074987985,0.08516456,-0.037414514,-0.02796894,0.97897625,0.97755456,-0.9472979,-0.9926913,-0.15751906,-1.9946313,-0.7060192,-0.2654532,-1.0520277
STUDENT_1142,0.031617943,-0.010570223,-0.06582856,0.90400845,-0.0137236295,0.027089976,0.013407328,-0.044951793,0.9837645,0.997299,-1.0655075,0.9701497,1.1123704,1.831648,0.39290386,0.9263513,-0.17243917
STUDENT_1144,0.24087343,0.90788746,0.041598726,0.8503538,0.0137408795,-0.0685323,-0.04454259,-0.020827342,-0.045819327,0.0052335747,0.04957278,0.78111595,1.1958996,0.26553518,-0.046303693,0.27559415,1.5201591
STUDENT_1145,0.17173854,0.9968056,-0.016462173,0.9576854,0.03312737,-0.9432482,-0.09253247,0.045592967,-0.005246347,-0.030241523,0.10957971,0.1434341,0.1551978,0.09851994,0.24731907,-0.22072427,0.33610925
STUDENT_1151,-0.07384912,0.005290662,-0.060676966,0.938263,0.006348883,-0.9713694,0.82487833,0.029162828,0.0021605138,0.0102619715,1.0136169,0.7493488,1.6397165,0.4127473,-0.009402711,0.38429755,0.72357637
STUDENT_1154,0.004908976,1.0231465,1.0041634,0.8049814,-0.010187897,0.05699533,-0.03478522,0.038161818,0.014067749,0.023844022,-1.0170338,0.45743802,1.1263806,0.71682775,0.026727732,0.18378024,-0.09978714
STUDENT_1155,-0.99913436,-0.08735775,-0.09851593,0.9728623,-0.2504873,-0.35046273,3.9205885,0.019233737,0.042353556,0.010490973,-1.0231882,0.92115754,1.560129,0.09813238,0.06324144,0.69837993,1.3985821
STUDENT_1158,0.2873167,0.99615186,0.053254906,0.72368175,-0.020741189,-1.0290909,-0.037988313,-0.024572428,1.0421511,1.0372624,-0.90990835,-0.5365481,-0.6600875,-0.24948601,-1.0178982,-0.01559644,-0.13629565
STUDENT_1159,0.008743403,0.038175438,-0.02430226,0.86073655,-0.020707708,-1.0468398,-0.022364415,0.041789103,-0.016626997,-0.0069203563,0.03657578,-0.5212774,-0.022245472,-0.24638097,0.06500113,-1.3539449,-0.45483658
STUDENT_1164,0.1754453,1.0352304,0.03448152,0.8941893,0.04950609,0.020340756,-0.07068797,-0.034402516,0.08610636,0.09183559,0.051978476,0.29582477,0.10730414,0.8002272,0.41990536,0.08220596,-0.10907315
STUDENT_1166,0.03345835,0.9918341,0.99266434,0.5900554,-0.051827762,-0.9967767,-0.012636489,-0.054815467,-0.059565432,-0.030000936,-0.94498545,-0.3112147,-0.137415,-0.9041769,-0.52154493,0.124244116,0.1091177
STUDENT_1170,0.02749167,0.047409806,0.0049584843,0.85244817,-0.055169974,0.14004049,-0.049766503,1.0126873,1.0216306,0.9956909,-0.009928808,2.1791363,2.0003388,1.8335785,1.5577835,1.37527,1.9333569
STUDENT_1174,-0.08391666,0.03933685,0.028161284,0.7594617,0.008201909,1.0106319,-0.019034527,0.9594387,1.9621915,1.9252775,-0.9898884,0.3559921,0.8526193,1.1362641,0.42545897,-0.72208446,0.06473121
STUDENT_1177,0.20942357,1.040093,0.025464907,0.8544484,0.006008365,0.008765921,-0.043775097,1.0061834,-0.0180172,-0.026497785,-1.0027666,0.21263045,0.1994679,-0.4086078,-0.052514244,-0.011387376,1.052476
STUDENT_1181,0.23103595,1.0413969,-0.0004384257,0.90539616,0.05547194,-0.025015637,0.003244155,-0.015157137,-0.023644088,-0.024816152,0.06333341,0.35636717,0.4450761,0.9672537,0.0060568415,0.1390662,0.045669608
STUDENT_1182,0.19521022,1.0406468,-0.017888602,0.8811495,-0.0009739053,0.029351965,-0.047711946,-0.05167233,0.0731207,0.03443308,0.13081643,-0.26395094,-0.40859357,0.026947642,-0.3071915,-0.3644701,0.012779935
STUDENT_1183,0.09104612,0.020211361,-0.027890503,0.9322569,0.0031918744,0.93474615,0.012814515,-0.04238036,1.0199628,1.0006799,-0.0010160953,0.9008071,0.7267247,0.92026496,0.69940615,0.7343545,0.49476388
STUDENT_1185,0.15499395,0.8694646,0.22616369,0.809382,-0.013767588,0.0983652,0.0112047875,-0.03586438,3.0194283,3.0220017,2.9708123,-0.14108115,0.3994628,-0.75991035,0.2442426,-0.04150749,-0.48011568
STUDENT_1187,0.018760394,-0.026408773,-0.05513562,0.85903484,-0.022555174,1.1909965,0.018637605,0.9258918,2.9895964,2.9767964,-0.16908573,1.0226139,1.2591339,0.48394448,1.882319,0.78043073,-0.5914756
STUDENT_1188,0.21580209,0.90693265,0.0676503,0.7527514,-0.031589825,-0.93200374,-0.030632041,0.034961496,0.017035825,-0.0077131353,-0.8709871,-0.50634885,-1.0197847,0.16339971,-0.85598165,-0.7128436,0.5722588
STUDENT_1189,0.23679498,1.0065203,-0.0577684,0.8173797,0.019138036,-1.0637938,-0.039999526,0.010178927,-0.02130471,-0.05161499,-0.911773,-0.05307039,-0.3372702,-0.12345127,-0.6793227,1.1686364,-0.34085837
STUDENT_1198,-0.0039244844,0.081678085,-0.014829952,0.8624677,-0.01773742,1.0660778,-0.04747156,-0.11136787,-0.060538962,-0.078165844,-0.92961484,2.005049,1.1120803,1.4538356,1.442234,2.0222464,1.8516735
STUDENT_1201,-0.012612048,-0.007497723,0.018884588,0.90419227,-0.069844835,-1.0675713,-0.06873553,0.025897052,0.024733217,0.018929813,2.9102156,0.40983135,0.03668098,1.2811909,0.12686796,0.33444682,0.050234783
STUDENT_1202,0.24251193,1.0075449,-0.012150716,0.84815055,-0.03498574,-0.9773625,-0.027691409,-0.11253995,0.0031998325,-0.0039789267,0.029237479,1.2709678,1.1388277,0.68171096,0.74369276,0.9326894,1.595847
STUDENT_1205,0.013123573,-0.0014408184,0.022928469,0.88637567,-0.022065828,-1.0257367,0.014377759,-0.002012562,-0.04202104,-0.031979825,-0.013067424,0.48184064,0.85469514,0.6017627,0.24273476,-0.1361502,0.5072674
STUDENT_1206,0.05515706,1.0409697,0.79623145,0.72007126,-0.09822541,-0.9963039,-0.007404647,0.114030525,0.84711325,0.89939016,-0.8944546,-3.2067273,-0.32783824,-1.6801145,-0.434227,-4.7511535,-4.773304
STUDENT_1207,0.1841793,0.9371949,0.042571854,0.80498475,-0.0098353615,-1.0765857,-0.0914569,-0.042144123,0.021003174,0.065479815,0.08492793,0.048392095,0.10014801,-0.8401596,0.6933433,0.3709503,-0.35271055
STUDENT_1209,0.21021463,1.020822,0.03208858,0.8495296,0.013719288,0.029938325,0.061187983,0.02974959,0.06691825,0.074731916,-0.8098065,0.9488615,1.0543509,1.7732835,0.196059,1.480812,-0.48169082
STUDENT_1212,0.22153561,1.0114251,0.023677323,0.8075079,-0.018067686,-0.99758685,0.036033418,-0.033567663,-0.048178107,-0.062385056,0.044969603,1.0472257,1.2812859,1.4002314,0.7926348,0.35488704,0.5233202
STUDENT_1213,-0.06732395,0.12241397,0.00090665,0.879695,-0.010204616,-0.91985404,3.9734468,0.94445366,-0.022201432,0.0043498017,-0.8507292,1.2128534,1.7757643,1.245137,0.3415109,1.3262256,0.27511615
STUDENT_1321,-0.03429796,0.9733036,0.9604465,0.012354489,-0.02451154,-0.9806621,-0.054917596,1.046028,0.02213412,-0.0015031807,-0.9550434,-0.10096789,-0.23124318,0.1543286,0.23036821,-0.5046816,0.03595778
STUDENT_1349,-0.04439757,1.0107619,0.9853312,0.012719911,-0.06783628,-1.004195,-0.016410835,0.89507854,0.016088495,0.015918974,0.03019853,0.66445833,0.9927034,0.22285375,0.15581049,0.98249084,0.36509022
STUDENT_1362,0.0037528137,0.014274706,-0.0058495887,-0.28361884,-0.017806323,0.003702104,-0.031153046,1.0456752,0.049510002,0.036866393,0.021544382,-0.72017807,-0.97421443,-0.8256792,-0.021900397,-0.38225642,-0.81027913
STUDENT_1363,0.0010701241,-0.038859513,-0.024669658,-0.27377778,-0.040961403,-0.015310124,-0.054431252,0.02333152,0.030292274,0.040852513,-0.9724594,-1.061061,-0.55366355,-1.1007974,-1.1154346,-1.0218667,-0.35380775
STUDENT_1383,0.068621874,0.040760014,0.019953001,-0.23130165,-0.00370315,0.05885367,-0.07297181,0.02281231,3.9626205,3.9494467,-0.98121786,0.2477238,0.6518702,-0.076493315,-0.080655605,0.46397492,-0.04022364
STUDENT_1390,-0.08942847,0.011256625,0.073147014,-0.23230779,0.045935567,0.00488054,-0.019341491,0.9352399,2.0202582,2.050923,-0.93224186,0.01075671,1.0813992,0.15515317,0.6363022,-0.19559243,-1.4981804
STUDENT_1395,-0.020273034,0.053478442,0.07418372,-0.17107911,0.10208694,0.9994628,0.062031545,-0.1177793,0.93561685,0.90061486,0.010647848,0.6527978,0.4459676,1.5886987,0.1840566,0.47380444,0.16136807
STUDENT_1407,0.05734029,1.0354443,1.063874,-0.43807605,-0.0017849895,-0.93655723,-0.07318192,-0.07587932,3.9455242,3.9204285,-1.0850195,0.41844252,0.29517323,1.2721622,0.15933241,-0.36663872,0.3412672
STUDENT_1411,0.025420766,1.0144398,1.049434,-0.4018671,-0.022689024,-0.96551216,-0.05606749,-0.01587611,1.0119535,1.0159417,-0.9277223,0.4258094,-0.14763333,-0.52721983,0.7443151,0.2856832,1.0806035
STUDENT_1414,-0.013323578,1.0037072,0.99508756,-0.32717553,-0.08344236,0.020788185,-0.06858012,0.02377728,0.012799183,-0.032908674,-0.99931973,-0.30443808,-0.5070398,0.41957265,-0.12600799,-0.31851235,-0.52416474
STUDENT_1415,-0.052947465,0.9762086,1.0150766,-0.36587247,-0.038578752,1.0130297,0.007817694,0.065201774,0.022165002,-0.002318943,-0.9717499,-0.5301975,-0.29417956,-1.0633861,0.22093403,-1.1573817,0.15098615
STUDENT_1431,-0.034485836,1.0165529,1.0066836,-0.4156041,-0.018256607,0.9782647,-0.06965288,-0.04499315,0.015837776,0.0026012547,3.0164847,0.11746948,0.321415,-0.18046515,0.9605528,-0.46933073,-0.3023689
STUDENT_1433,-0.031355012,1.0045272,1.0693005,-0.3243094,-0.015259623,-0.9934367,-0.027119748,0.054105315,0.02786349,0.05433538,0.9693065,0.12821929,0.4246622,0.20461516,0.92586386,-0.60548544,-0.48369914
STUDENT_1434,-0.013303685,1.0206537,1.0418937,-0.37855962,-0.038366098,-0.03970866,-0.038078807,-0.020472284,0.015155213,-0.017109148,0.09734677,0.08621446,0.7743922,-0.545012,0.1183366,-0.080341995,0.086044945
STUDENT_1442,-0.04408547,0.9891427,1.0479722,-0.31796476,-0.0071832864,-0.98693216,-0.054770723,-0.048629574,-1.0034157,-0.9833179,0.08152409,0.018739037,0.009414354,-0.08910336,0.2790476,0.44557315,-0.49408385
STUDENT_1451,0.007262987,0.98231184,1.0589411,-0.3762851,0.04110339,1.0029786,0.032559752,0.017812405,-0.004399134,0.057669062,-0.018036023,0.79848945,0.33022463,0.24418142,1.3767478,1.4895211,-0.45946303
STUDENT_1463,-0.0024956306,0.005101611,0.03841347,-0.49359164,-0.022662895,0.021930262,-0.010436035,0.9305024,1.0015961,1.002783,-0.937307,0.4334668,0.1279334,-0.8578442,0.72396946,-0.14293979,1.5779601
STUDENT_1467,-0.052676875,0.015613754,0.045352582,-0.56048775,-0.062283542,-0.97550094,-0.057202257,1.0367182,0.9014593,0.9621994,-0.946986,0.9224785,0.8708233,-0.067152314,1.0462965,1.29228,0.41553843
STUDENT_1485,-0.0107108345,-0.012422915,0.0039732344,-0.5085414,-0.07128697,-0.93123674,-0.0030585146,1.0526958,-0.0058399644,0.020184945,-0.9834357,-0.18777977,-0.27401102,-0.9205868,0.95167714,-0.32565162,-0.2848465
STUDENT_1488,0.056181934,0.060798828,0.015373182,-0.5215017,0.04190227,-1.0104328,-0.08317565,1.0682179,1.993369,2.0085976,0.10468818,0.4573498,0.48351577,0.09610751,0.383637,0.5376102,0.32448438
STUDENT_1494,0.015046583,-0.011417623,0.04532871,-0.5194056,0.03176425,0.023555465,-0.07030284,0.023366842,1.0297773,1.0174288,-0.010697857,0.538815,0.1457702,0.29144672,1.6186521,-0.14433612,0.11337167
STUDENT_1499,-0.037152033,-0.018932309,-0.04566179,-0.49763355,0.01867816,0.09790641,0.03137561,0.95616376,0.09002276,0.053917293,0.1207355,1.3868605,0.9733944,-0.023618078,0.97061676,0.9920306,2.463454
STUDENT_1536,-0.07304895,1.0225499,0.90298945,-0.6867738,0.9475947,0.0823849,-0.025187321,0.9575405,0.045439526,0.04138806,0.99945647,0.6134448,-0.14573026,-0.5283619,1.9613174,1.0376126,-0.28416076
STUDENT_1537,-0.011621407,0.97120136,0.9867224,-0.6178513,0.02656457,-0.9590157,-0.029174902,0.99004984,-0.012149757,0.016023662,-0.9444589,0.5761655,0.03303422,0.7851656,0.29797578,0.96824515,0.18442778
STUDENT_1553,-0.051018875,1.0345447,1.0010363,-0.61395746,-0.02246509,-1.0139121,0.011299857,-0.00842743,-0.03785236,-0.04729731,-0.015678957,0.9343073,1.0632695,1.5462556,0.19600157,1.1712707,-0.011643869
STUDENT_1561,-0.016335268,-0.033168253,0.039568745,-0.87009084,-0.036132295,-0.035820104,-0.05315314,0.011576019,-0.9586929,-1.0042039,-0.9161173,0.03481081,0.03933923,0.30401132,-0.48523533,0.5308144,-0.20686905
STUDENT_1563,-0.030734427,-0.0028514592,-0.053920146,-0.80103797,0.017906746,0.031917535,0.020478845,0.04214138,-0.018023355,-0.07551773,-0.05478453,0.7753454,0.3773358,0.532263,0.8096505,-0.08229085,1.4718257
STUDENT_1565,0.021097146,0.0033143507,-0.0014188401,-0.86702764,0.04916387,-0.022968024,0.0076049427,0.019076768,0.006513484,-0.016560193,-0.0035954788,-0.3465557,-0.4328101,0.6418302,-0.7141587,-0.41825002,-0.19587283
STUDENT_1566,-0.03217561,-0.015154402,-0.0017550699,-0.87339544,0.012647559,-0.047994837,0.005675667,-0.046481337,0.0633643,0.046431903,-0.9461827,-0.8696669,-0.86676353,-1.1549313,-0.49418956,-0.59403265,-0.5461226
STUDENT_1589,-0.029436346,-0.042183492,-0.041719835,-0.9014624,-0.019985756,0.038188204,0.051108904,0.99795735,0.049188584,0.06857832,-1.0205737,1.1716563,-0.29052687,-0.25518867,1.765258,0.49710026,2.6551151
STUDENT_1594,0.017481972,0.03998499,0.022536363,-0.9220409,-0.032335747,-0.03212218,-0.04512705,2.0289419,0.014132543,-0.0074034296,-0.96936226,0.25154132,0.2183112,0.24876443,0.28288916,0.5671694,-0.4526874
STUDENT_1595,-0.0072969617,0.014032756,-0.11252074,-0.8778162,-0.0025590984,-1.0501369,-0.039192297,0.97445905,-0.05668374,-0.07892592,-0.95573944,-0.25275776,-0.05530724,-0.46819806,-0.34486127,0.78553975,-1.1028318
STUDENT_1598,-0.080787584,-0.0007487489,-0.020275231,-0.847322,-0.009923804,0.024140492,0.023021854,0.047370676,0.044955686,-0.015920293,3.0736632,0.7938965,0.14335497,0.86027014,0.30578583,0.5457988,1.2893738
STUDENT_1620,0.0012741955,1.0290658,0.9810268,-0.0075593325,-0.0132653,-0.025379658,-0.027933933,-0.014547851,-0.014670009,0.011080723,-0.91619605,-0.0063284254,-0.20751074,0.18690737,0.18056218,0.504269,-0.62842655
STUDENT_1625,-0.053613875,0.943572,1.0018497,-0.14683701,0.0016446757,0.041073218,0.014675104,0.01744983,0.10420831,0.049054954,0.052065104,-0.04487364,-0.5696805,-0.9411144,-0.43608248,1.2256677,0.20846495
STUDENT_1628,-0.06733841,0.95074826,1.0396707,0.041484658,-0.0018465397,-0.9422506,0.05292479,-0.05666176,-0.9566267,-0.9162474,-0.9445099,0.645325,0.52821344,-0.17938672,0.16242076,0.8972353,1.097365
STUDENT_1640,-0.0045949398,1.0632851,1.0211459,-0.10552466,-0.10354932,-0.99627125,0.0013465369,0.044223327,0.9311342,0.9668372,-0.08667581,-0.48490387,-0.20987828,-0.23771788,-0.71666676,-0.121816896,-0.5526801
STUDENT_1643,0.028857093,1.0236053,1.0175439,-0.11204292,-0.021759482,-0.0023479164,0.00969229,-0.032487582,0.9980735,1.0002543,-1.0378511,0.7653164,0.57687026,0.9883535,-0.10749388,-0.1988592,2.0555556
STUDENT_1648,-0.05003694,1.0419912,1.013857,-0.118287325,0.012161416,0.03552051,-0.07073816,-0.038815435,1.9475163,1.9203591,-0.05885239,-0.78601056,-0.5291896,-0.31353864,-0.23943053,-0.5781885,-1.51215
STUDENT_1746,-0.06650554,1.0218258,1.0371232,-0.3659088,-0.0029480485,0.9595927,-0.10004692,-0.0225997,-0.02910581,-0.010704298,0.07053858,0.53906363,0.91456497,-0.49633205,0.63415176,0.3174474,0.7305351
STUDENT_1750,-0.05706268,0.9940689,0.96302855,-0.22845767,0.02277626,-0.98635566,0.004467332,0.09395981,0.059632644,0.065215334,1.8972456,1.1354012,0.830684,1.115457,1.0203345,1.6250273,-0.021778505
STUDENT_1773,0.008227137,1.0319096,0.984227,-0.45933673,-0.02063041,1.0409657,-0.060196497,0.991734,-0.022230951,5.6289136e-06,0.09349577,-0.29274508,0.662444,-0.65511656,-0.33024958,-0.9289843,0.17392524
STUDENT_1873,-0.013309515,0.048657466,0.008001883,-0.8354354,0.03320462,-0.007854186,-0.0010420447,0.952042,-0.05885937,-0.058484957,-0.11338203,-0.44975087,-0.37095088,0.2447366,0.70827067,-0.6812037,-1.6265198
